,Country,Year,Num of Systems,RMax,RPeak,Total Cores,GDPpC,HDI,Q1,Q2,Q3,Q4,Top10
0,Country: Japan,Year: 1993,Num of Systems: 1,RMax: 1,RPeak: 1,Total Cores: 2,GDPpC: 1,HDI: 4,Q1: 1,Q2: 1,Q3: 1,Q4: 1,Top10: 1
1,Country: United States,Year: 1993,Num of Systems: 1,RMax: 1,RPeak: 1,Total Cores: 1,GDPpC: 3,HDI: 1,Q1: 1,Q2: 1,Q3: 1,Q4: 1,Top10: 1
2,Country: Canada,Year: 1993,Num of Systems: 6,RMax: 3,RPeak: 3,Total Cores: 6,GDPpC: 6,HDI: 2,Q1: 2,Q2: 3,Q3: 3,Q4: 3,Top10: 2
3,Country: United Kingdom,Year: 1993,Num of Systems: 2,RMax: 2,RPeak: 2,Total Cores: 3,GDPpC: 7,HDI: 6,Q1: 1,Q2: 1,Q3: 2,Q4: 2,Top10: 1
4,Country: South Korea,Year: 1993,Num of Systems: 5,RMax: 3,RPeak: 4,Total Cores: 6,GDPpC: 10,HDI: 10,Q1: 9,Q2: 9,Q3: 9,Q4: 7,Top10: 9
5,Country: France,Year: 1993,Num of Systems: 2,RMax: 2,RPeak: 2,Total Cores: 1,GDPpC: 6,HDI: 7,Q1: 3,Q2: 2,Q3: 2,Q4: 2,Top10: 3
6,Country: Germany,Year: 1993,Num of Systems: 1,RMax: 1,RPeak: 1,Total Cores: 1,GDPpC: 3,HDI: 5,Q1: 2,Q2: 2,Q3: 1,Q4: 1,Top10: 2
7,Country: Netherlands,Year: 1993,Num of Systems: 4,RMax: 5,RPeak: 5,Total Cores: 4,GDPpC: 5,HDI: 4,Q1: 4,Q2: 4,Q3: 5,Q4: 4,Top10: 4
8,Country: Switzerland,Year: 1993,Num of Systems: 4,RMax: 4,RPeak: 4,Total Cores: 7,GDPpC: 1,HDI: 2,Q1: 6,Q2: 6,Q3: 6,Q4: 5,Top10: 6
9,Country: Brazil,Year: 1993,Num of Systems: 8,RMax: 6,RPeak: 7,Total Cores: 10,GDPpC: 10,HDI: 10,Q1: 9,Q2: 8,Q3: 7,Q4: 6,Top10: 9
10,Country: Spain,Year: 1993,Num of Systems: 5,RMax: 5,RPeak: 6,Total Cores: 8,GDPpC: 9,HDI: 8,Q1: 5,Q2: 5,Q3: 4,Q4: 4,Top10: 5
11,Country: Australia,Year: 1993,Num of Systems: 3,RMax: 4,RPeak: 3,Total Cores: 3,GDPpC: 8,HDI: 1,Q1: 4,Q2: 4,Q3: 4,Q4: 5,Top10: 4
12,Country: Taiwan,Year: 1993,Num of Systems: 8,RMax: 7,RPeak: 6,Total Cores: 7,,,Q1: 7,Q2: 8,Q3: 6,Q4: 8,Top10: 7
13,Country: Norway,Year: 1993,Num of Systems: 6,RMax: 6,RPeak: 6,Total Cores: 2,GDPpC: 2,HDI: 1,Q1: 8,Q2: 9,Q3: 8,Q4: 10,Top10: 8
14,Country: Austria,Year: 1993,Num of Systems: 7,RMax: 7,RPeak: 8,Total Cores: 6,GDPpC: 4,HDI: 6,Q1: 8,Q2: 7,Q3: 7,Q4: 7,Top10: 8
15,Country: Denmark,Year: 1993,Num of Systems: 7,RMax: 8,RPeak: 7,Total Cores: 5,GDPpC: 2,HDI: 5,Q1: 6,Q2: 6,Q3: 8,Q4: 8,Top10: 6
16,Country: Italy,Year: 1993,Num of Systems: 3,RMax: 6,RPeak: 5,Total Cores: 5,GDPpC: 7,HDI: 8,Q1: 3,Q2: 3,Q3: 3,Q4: 3,Top10: 3
17,Country: Mexico,Year: 1993,Num of Systems: 6,RMax: 8,RPeak: 8,Total Cores: 8,GDPpC: 10,HDI: 10,Q1: 10,Q2: 10,Q3: 10,Q4: 9,Top10: 10
18,Country: Finland,Year: 1993,Num of Systems: 10,RMax: 9,RPeak: 9,Total Cores: 10,GDPpC: 8,HDI: 7,Q1: 7,Q2: 7,Q3: 9,Q4: 10,Top10: 7
19,Country: Sweden,Year: 1993,Num of Systems: 10,RMax: 9,RPeak: 9,Total Cores: 10,GDPpC: 4,HDI: 3,Q1: 5,Q2: 5,Q3: 5,Q4: 6,Top10: 5
20,Country: Slovenia,Year: 1993,Num of Systems: 10,RMax: 10,RPeak: 10,Total Cores: 9,,HDI: 9,Q1: 10,Q2: 10,Q3: 10,Q4: 10,Top10: 10
21,Country: Belgium,Year: 1993,Num of Systems: 9,RMax: 10,RPeak: 10,Total Cores: 9,GDPpC: 5,HDI: 3,Q1: 6,Q2: 6,Q3: 6,Q4: 6,Top10: 6
22,Country: Greece,Year: 1993,Num of Systems: 9,RMax: 10,RPeak: 10,Total Cores: 4,GDPpC: 9,HDI: 9,Q1: 10,Q2: 10,Q3: 10,Q4: 9,Top10: 10
23,Country: Japan,Year: 1994,Num of Systems: 1,RMax: 1,RPeak: 1,Total Cores: 1,GDPpC: 1,HDI: 4,Q1: 1,Q2: 1,Q3: 1,Q4: 1,Top10: 1
24,Country: United States,Year: 1994,Num of Systems: 1,RMax: 1,RPeak: 1,Total Cores: 1,GDPpC: 2,HDI: 1,Q1: 1,Q2: 1,Q3: 1,Q4: 1,Top10: 1
25,Country: United Kingdom,Year: 1994,Num of Systems: 2,RMax: 2,RPeak: 2,Total Cores: 3,GDPpC: 7,HDI: 4,Q1: 1,Q2: 1,Q3: 2,Q4: 2,Top10: 1
26,Country: Canada,Year: 1994,Num of Systems: 4,RMax: 2,RPeak: 3,Total Cores: 8,GDPpC: 6,HDI: 2,Q1: 2,Q2: 2,Q3: 2,Q4: 2,Top10: 2
27,Country: South Korea,Year: 1994,Num of Systems: 7,RMax: 3,RPeak: 4,Total Cores: 8,GDPpC: 9,HDI: 8,Q1: 8,Q2: 7,Q3: 7,Q4: 5,Top10: 7
28,Country: France,Year: 1994,Num of Systems: 2,RMax: 2,RPeak: 2,Total Cores: 3,GDPpC: 5,HDI: 5,Q1: 2,Q2: 2,Q3: 2,Q4: 2,Top10: 2
29,Country: Switzerland,Year: 1994,Num of Systems: 2,RMax: 3,RPeak: 2,Total Cores: 4,GDPpC: 1,HDI: 3,Q1: 5,Q2: 5,Q3: 5,Q4: 4,Top10: 5
30,Country: Germany,Year: 1994,Num of Systems: 1,RMax: 1,RPeak: 1,Total Cores: 1,GDPpC: 3,HDI: 4,Q1: 2,Q2: 2,Q3: 1,Q4: 1,Top10: 2
31,Country: Netherlands,Year: 1994,Num of Systems: 3,RMax: 3,RPeak: 3,Total Cores: 5,GDPpC: 4,HDI: 2,Q1: 3,Q2: 3,Q3: 4,Q4: 3,Top10: 3
32,Country: Hong Kong,Year: 1994,Num of Systems: 7,RMax: 5,RPeak: 5,Total Cores: 5,GDPpC: 5,HDI: 6,Q1: 9,Q2: 9,Q3: 9,Q4: 9,Top10: 9
33,Country: Australia,Year: 1994,Num of Systems: 3,RMax: 4,RPeak: 3,Total Cores: 2,GDPpC: 7,HDI: 1,Q1: 3,Q2: 3,Q3: 3,Q4: 4,Top10: 3
34,Country: Mexico,Year: 1994,Num of Systems: 6,RMax: 5,RPeak: 6,Total Cores: 7,GDPpC: 10,HDI: 10,Q1: 8,Q2: 9,Q3: 9,Q4: 9,Top10: 9
35,Country: Greece,Year: 1994,Num of Systems: 8,RMax: 7,RPeak: 7,Total Cores: 6,GDPpC: 9,HDI: 9,Q1: 8,Q2: 8,Q3: 8,Q4: 8,Top10: 8
36,Country: Spain,Year: 1994,Num of Systems: 6,RMax: 6,RPeak: 7,Total Cores: 10,GDPpC: 8,HDI: 7,Q1: 4,Q2: 4,Q3: 3,Q4: 3,Top10: 4
37,Country: Norway,Year: 1994,Num of Systems: 4,RMax: 4,RPeak: 5,Total Cores: 2,GDPpC: 2,HDI: 1,Q1: 6,Q2: 8,Q3: 8,Q4: 8,Top10: 7
38,Country: Belgium,Year: 1994,Num of Systems: 10,RMax: 8,RPeak: 9,Total Cores: 9,GDPpC: 4,HDI: 3,Q1: 5,Q2: 5,Q3: 5,Q4: 5,Top10: 5
39,Country: Brazil,Year: 1994,Num of Systems: 8,RMax: 8,RPeak: 8,Total Cores: 10,GDPpC: 10,HDI: 10,Q1: 7,Q2: 7,Q3: 6,Q4: 6,Top10: 8
40,Country: Saudi Arabia,Year: 1994,Num of Systems: 6,RMax: 6,RPeak: 8,Total Cores: 8,GDPpC: 9,HDI: 9,Q1: 10,Q2: 10,Q3: 10,Q4: 10,Top10: 10
41,Country: Finland,Year: 1994,Num of Systems: 10,RMax: 9,RPeak: 10,Total Cores: 9,GDPpC: 6,HDI: 6,Q1: 6,Q2: 6,Q3: 7,Q4: 8,Top10: 6
42,Country: Sweden,Year: 1994,Num of Systems: 3,RMax: 5,RPeak: 4,Total Cores: 3,GDPpC: 3,HDI: 2,Q1: 4,Q2: 4,Q3: 4,Q4: 5,Top10: 4
43,Country: Austria,Year: 1994,Num of Systems: 10,RMax: 9,RPeak: 9,Total Cores: 6,GDPpC: 3,HDI: 6,Q1: 7,Q2: 6,Q3: 6,Q4: 6,Top10: 6
44,Country: Slovenia,Year: 1994,Num of Systems: 9,RMax: 9,RPeak: 5,Total Cores: 6,,HDI: 8,Q1: 10,Q2: 10,Q3: 10,Q4: 10,Top10: 10
45,Country: Italy,Year: 1994,Num of Systems: 5,RMax: 8,RPeak: 6,Total Cores: 5,GDPpC: 7,HDI: 7,Q1: 3,Q2: 3,Q3: 3,Q4: 3,Top10: 3
46,Country: Denmark,Year: 1994,Num of Systems: 5,RMax: 7,RPeak: 8,Total Cores: 4,GDPpC: 1,HDI: 5,Q1: 5,Q2: 6,Q3: 6,Q4: 7,Top10: 5
47,Country: Taiwan,Year: 1994,Num of Systems: 5,RMax: 6,RPeak: 6,Total Cores: 7,,,Q1: 6,Q2: 5,Q3: 5,Q4: 6,Top10: 6
48,Country: Ireland,Year: 1994,Num of Systems: 9,RMax: 10,RPeak: 9,Total Cores: 2,GDPpC: 8,HDI: 7,Q1: 9,Q2: 10,Q3: 10,Q4: 10,Top10: 8
49,Country: Turkey,Year: 1994,Num of Systems: 9,RMax: 10,RPeak: 10,Total Cores: 9,GDPpC: 10,HDI: 10,Q1: 10,Q2: 8,Q3: 8,Q4: 7,Top10: 10
50,Country: Singapore,Year: 1994,Num of Systems: 8,RMax: 10,RPeak: 10,Total Cores: 10,GDPpC: 5,HDI: 9,Q1: 9,Q2: 9,Q3: 9,Q4: 9,Top10: 9
51,Country: Japan,Year: 1995,Num of Systems: 1,RMax: 1,RPeak: 1,Total Cores: 1,GDPpC: 1,HDI: 4,Q1: 1,Q2: 1,Q3: 1,Q4: 1,Top10: 1
52,Country: United States,Year: 1995,Num of Systems: 1,RMax: 1,RPeak: 1,Total Cores: 1,GDPpC: 4,HDI: 1,Q1: 1,Q2: 1,Q3: 1,Q4: 1,Top10: 1
53,Country: United Kingdom,Year: 1995,Num of Systems: 2,RMax: 2,RPeak: 2,Total Cores: 2,GDPpC: 6,HDI: 4,Q1: 1,Q2: 1,Q3: 2,Q4: 2,Top10: 1
54,Country: Switzerland,Year: 1995,Num of Systems: 3,RMax: 2,RPeak: 2,Total Cores: 2,GDPpC: 1,HDI: 3,Q1: 5,Q2: 5,Q3: 5,Q4: 5,Top10: 5
55,Country: Germany,Year: 1995,Num of Systems: 1,RMax: 1,RPeak: 1,Total Cores: 1,GDPpC: 2,HDI: 5,Q1: 2,Q2: 2,Q3: 1,Q4: 1,Top10: 2
56,Country: Canada,Year: 1995,Num of Systems: 3,RMax: 3,RPeak: 3,Total Cores: 6,GDPpC: 7,HDI: 2,Q1: 2,Q2: 2,Q3: 2,Q4: 3,Top10: 2
57,Country: South Korea,Year: 1995,Num of Systems: 4,RMax: 4,RPeak: 4,Total Cores: 5,GDPpC: 9,HDI: 8,Q1: 7,Q2: 8,Q3: 7,Q4: 6,Top10: 7
58,Country: Netherlands,Year: 1995,Num of Systems: 2,RMax: 3,RPeak: 3,Total Cores: 4,GDPpC: 3,HDI: 2,Q1: 3,Q2: 4,Q3: 4,Q4: 4,Top10: 3
59,Country: France,Year: 1995,Num of Systems: 2,RMax: 2,RPeak: 2,Total Cores: 2,GDPpC: 5,HDI: 5,Q1: 2,Q2: 2,Q3: 2,Q4: 2,Top10: 2
60,Country: Sweden,Year: 1995,Num of Systems: 5,RMax: 4,RPeak: 4,Total Cores: 3,GDPpC: 3,HDI: 3,Q1: 4,Q2: 5,Q3: 5,Q4: 7,Top10: 4
61,Country: Denmark,Year: 1995,Num of Systems: 4,RMax: 5,RPeak: 5,Total Cores: 6,GDPpC: 1,HDI: 5,Q1: 6,Q2: 7,Q3: 7,Q4: 8,Top10: 6
62,Country: Italy,Year: 1995,Num of Systems: 4,RMax: 4,RPeak: 4,Total Cores: 3,GDPpC: 7,HDI: 7,Q1: 3,Q2: 3,Q3: 3,Q4: 3,Top10: 3
63,Country: China,Year: 1995,Num of Systems: 10,RMax: 8,RPeak: 9,Total Cores: 9,GDPpC: 10,HDI: 10,Q1: 5,Q2: 4,Q3: 3,Q4: 2,Top10: 6
64,Country: Taiwan,Year: 1995,Num of Systems: 8,RMax: 7,RPeak: 7,Total Cores: 7,,,Q1: 6,Q2: 6,Q3: 6,Q4: 7,Top10: 7
65,Country: Hong Kong,Year: 1995,Num of Systems: 7,RMax: 5,RPeak: 6,Total Cores: 4,GDPpC: 6,HDI: 7,Q1: 10,Q2: 10,Q3: 10,Q4: 10,Top10: 9
66,Country: Austria,Year: 1995,Num of Systems: 7,RMax: 6,RPeak: 5,Total Cores: 5,GDPpC: 3,HDI: 6,Q1: 8,Q2: 7,Q3: 8,Q4: 7,Top10: 7
67,Country: Finland,Year: 1995,Num of Systems: 6,RMax: 6,RPeak: 6,Total Cores: 8,GDPpC: 5,HDI: 6,Q1: 7,Q2: 7,Q3: 8,Q4: 9,Top10: 6
68,Country: Australia,Year: 1995,Num of Systems: 6,RMax: 6,RPeak: 6,Total Cores: 7,GDPpC: 7,HDI: 1,Q1: 4,Q2: 3,Q3: 4,Q4: 4,Top10: 4
69,Country: Mexico,Year: 1995,Num of Systems: 10,RMax: 9,RPeak: 9,Total Cores: 9,GDPpC: 10,HDI: 10,Q1: 9,Q2: 9,Q3: 9,Q4: 8,Top10: 10
70,Country: Singapore,Year: 1995,Num of Systems: 8,RMax: 8,RPeak: 8,Total Cores: 8,GDPpC: 5,HDI: 9,Q1: 10,Q2: 10,Q3: 10,Q4: 10,Top10: 10
71,Country: Slovenia,Year: 1995,Num of Systems: 10,RMax: 9,RPeak: 7,Total Cores: 6,GDPpC: 9,HDI: 8,Q1: 10,Q2: 10,Q3: 10,Q4: 10,Top10: 10
72,Country: Spain,Year: 1995,Num of Systems: 9,RMax: 10,RPeak: 10,Total Cores: 10,GDPpC: 8,HDI: 7,Q1: 4,Q2: 4,Q3: 4,Q4: 4,Top10: 4
73,Country: Norway,Year: 1995,Num of Systems: 6,RMax: 7,RPeak: 7,Total Cores: 4,GDPpC: 2,HDI: 1,Q1: 8,Q2: 9,Q3: 9,Q4: 9,Top10: 8
74,Country: Greece,Year: 1995,Num of Systems: 9,RMax: 10,RPeak: 10,Total Cores: 10,GDPpC: 8,HDI: 9,Q1: 9,Q2: 9,Q3: 9,Q4: 9,Top10: 9
75,Country: Belgium,Year: 1995,Num of Systems: 7,RMax: 9,RPeak: 9,Total Cores: 9,GDPpC: 4,HDI: 3,Q1: 6,Q2: 6,Q3: 6,Q4: 6,Top10: 5
76,Country: Brazil,Year: 1995,Num of Systems: 9,RMax: 10,RPeak: 10,Total Cores: 10,GDPpC: 9,HDI: 10,Q1: 9,Q2: 8,Q3: 7,Q4: 6,Top10: 9
77,Country: Poland,Year: 1995,Num of Systems: 5,RMax: 7,RPeak: 8,Total Cores: 7,GDPpC: 10,HDI: 9,Q1: 7,Q2: 6,Q3: 6,Q4: 5,Top10: 8
78,Country: Japan,Year: 1996,Num of Systems: 1,RMax: 1,RPeak: 1,Total Cores: 1,GDPpC: 1,HDI: 3,Q1: 1,Q2: 1,Q3: 1,Q4: 1,Top10: 1
79,Country: United States,Year: 1996,Num of Systems: 1,RMax: 1,RPeak: 1,Total Cores: 1,GDPpC: 3,HDI: 1,Q1: 1,Q2: 1,Q3: 1,Q4: 1,Top10: 1
80,Country: United Kingdom,Year: 1996,Num of Systems: 2,RMax: 2,RPeak: 2,Total Cores: 2,GDPpC: 6,HDI: 4,Q1: 1,Q2: 1,Q3: 2,Q4: 2,Top10: 1
81,Country: France,Year: 1996,Num of Systems: 2,RMax: 2,RPeak: 2,Total Cores: 2,GDPpC: 4,HDI: 5,Q1: 2,Q2: 2,Q3: 2,Q4: 2,Top10: 2
82,Country: Germany,Year: 1996,Num of Systems: 1,RMax: 1,RPeak: 1,Total Cores: 1,GDPpC: 3,HDI: 4,Q1: 2,Q2: 2,Q3: 1,Q4: 1,Top10: 2
83,Country: Canada,Year: 1996,Num of Systems: 4,RMax: 3,RPeak: 3,Total Cores: 6,GDPpC: 7,HDI: 2,Q1: 2,Q2: 2,Q3: 3,Q4: 3,Top10: 2
84,Country: Netherlands,Year: 1996,Num of Systems: 3,RMax: 3,RPeak: 3,Total Cores: 3,GDPpC: 4,HDI: 2,Q1: 3,Q2: 4,Q3: 4,Q4: 4,Top10: 3
85,Country: Switzerland,Year: 1996,Num of Systems: 2,RMax: 2,RPeak: 2,Total Cores: 2,GDPpC: 1,HDI: 3,Q1: 4,Q2: 5,Q3: 5,Q4: 5,Top10: 4
86,Country: Australia,Year: 1996,Num of Systems: 4,RMax: 3,RPeak: 4,Total Cores: 5,GDPpC: 6,HDI: 1,Q1: 3,Q2: 3,Q3: 4,Q4: 4,Top10: 3
87,Country: Finland,Year: 1996,Num of Systems: 6,RMax: 4,RPeak: 4,Total Cores: 4,GDPpC: 5,HDI: 6,Q1: 7,Q2: 7,Q3: 8,Q4: 7,Top10: 7
88,Country: Norway,Year: 1996,Num of Systems: 10,RMax: 6,RPeak: 6,Total Cores: 7,GDPpC: 2,HDI: 1,Q1: 8,Q2: 8,Q3: 7,Q4: 8,Top10: 8
89,Country: Sweden,Year: 1996,Num of Systems: 6,RMax: 5,RPeak: 4,Total Cores: 3,GDPpC: 2,HDI: 2,Q1: 4,Q2: 4,Q3: 6,Q4: 6,Top10: 4
90,Country: Denmark,Year: 1996,Num of Systems: 5,RMax: 5,RPeak: 6,Total Cores: 6,GDPpC: 2,HDI: 5,Q1: 6,Q2: 7,Q3: 7,Q4: 7,Top10: 6
91,Country: Taiwan,Year: 1996,Num of Systems: 10,RMax: 7,RPeak: 7,Total Cores: 6,,,Q1: 6,Q2: 6,Q3: 6,Q4: 6,Top10: 6
92,Country: South Korea,Year: 1996,Num of Systems: 5,RMax: 6,RPeak: 6,Total Cores: 5,GDPpC: 8,HDI: 8,Q1: 6,Q2: 6,Q3: 5,Q4: 5,Top10: 6
93,Country: Italy,Year: 1996,Num of Systems: 3,RMax: 4,RPeak: 3,Total Cores: 3,GDPpC: 6,HDI: 8,Q1: 3,Q2: 3,Q3: 3,Q4: 3,Top10: 3
94,Country: Israel,Year: 1996,Num of Systems: 10,RMax: 7,RPeak: 7,Total Cores: 7,GDPpC: 7,HDI: 5,Q1: 5,Q2: 6,Q3: 6,Q4: 6,Top10: 5
95,Country: Spain,Year: 1996,Num of Systems: 3,RMax: 4,RPeak: 5,Total Cores: 4,GDPpC: 8,HDI: 7,Q1: 4,Q2: 4,Q3: 3,Q4: 3,Top10: 4
96,Country: Saudi Arabia,Year: 1996,Num of Systems: 9,RMax: 7,RPeak: 8,Total Cores: 8,GDPpC: 9,HDI: 9,Q1: 10,Q2: 10,Q3: 10,Q4: 10,Top10: 10
97,Country: China,Year: 1996,Num of Systems: 9,RMax: 8,RPeak: 8,Total Cores: 9,GDPpC: 10,HDI: 10,Q1: 5,Q2: 3,Q3: 2,Q4: 2,Top10: 5
98,Country: Hong Kong,Year: 1996,Num of Systems: 9,RMax: 8,RPeak: 8,Total Cores: 8,GDPpC: 5,HDI: 7,Q1: 8,Q2: 9,Q3: 9,Q4: 8,Top10: 8
99,Country: Slovenia,Year: 1996,Num of Systems: 8,RMax: 8,RPeak: 7,Total Cores: 7,GDPpC: 9,HDI: 8,Q1: 10,Q2: 10,Q3: 10,Q4: 9,Top10: 10
100,Country: Singapore,Year: 1996,Num of Systems: 8,RMax: 9,RPeak: 9,Total Cores: 9,GDPpC: 5,HDI: 9,Q1: 9,Q2: 9,Q3: 9,Q4: 10,Top10: 9
101,Country: Austria,Year: 1996,Num of Systems: 4,RMax: 6,RPeak: 5,Total Cores: 4,GDPpC: 3,HDI: 6,Q1: 7,Q2: 7,Q3: 7,Q4: 7,Top10: 7
102,Country: South Africa,Year: 1996,Num of Systems: 8,RMax: 9,RPeak: 9,Total Cores: 9,GDPpC: 10,HDI: 10,Q1: 9,Q2: 8,Q3: 8,Q4: 9,Top10: 9
103,Country: Poland,Year: 1996,Num of Systems: 7,RMax: 9,RPeak: 9,Total Cores: 8,GDPpC: 9,HDI: 9,Q1: 7,Q2: 5,Q3: 4,Q4: 4,Top10: 7
104,Country: New Zealand,Year: 1996,Num of Systems: 7,RMax: 10,RPeak: 10,Total Cores: 10,GDPpC: 8,HDI: 3,Q1: 8,Q2: 8,Q3: 8,Q4: 9,Top10: 8
105,Country: Egypt,Year: 1996,Num of Systems: 7,RMax: 10,RPeak: 10,Total Cores: 10,GDPpC: 10,HDI: 10,Q1: 9,Q2: 9,Q3: 9,Q4: 8,Top10: 9
106,Country: Luxembourg,Year: 1996,Num of Systems: 6,RMax: 10,RPeak: 10,Total Cores: 10,GDPpC: 1,HDI: 6,Q1: 10,Q2: 10,Q3: 10,Q4: 10,Top10: 10
107,Country: United States,Year: 1997,Num of Systems: 1,RMax: 1,RPeak: 1,Total Cores: 1,GDPpC: 3,HDI: 2,Q1: 1,Q2: 1,Q3: 1,Q4: 1,Top10: 1
108,Country: United Kingdom,Year: 1997,Num of Systems: 2,RMax: 2,RPeak: 2,Total Cores: 2,GDPpC: 4,HDI: 4,Q1: 1,Q2: 1,Q3: 2,Q4: 3,Top10: 1
109,Country: Japan,Year: 1997,Num of Systems: 1,RMax: 1,RPeak: 1,Total Cores: 1,GDPpC: 2,HDI: 5,Q1: 1,Q2: 1,Q3: 1,Q4: 1,Top10: 1
110,Country: Germany,Year: 1997,Num of Systems: 1,RMax: 1,RPeak: 1,Total Cores: 1,GDPpC: 4,HDI: 5,Q1: 2,Q2: 2,Q3: 1,Q4: 2,Top10: 2
111,Country: France,Year: 1997,Num of Systems: 2,RMax: 2,RPeak: 2,Total Cores: 2,GDPpC: 6,HDI: 7,Q1: 2,Q2: 2,Q3: 2,Q4: 2,Top10: 2
112,Country: Canada,Year: 1997,Num of Systems: 6,RMax: 4,RPeak: 4,Total Cores: 6,GDPpC: 7,HDI: 4,Q1: 3,Q2: 3,Q3: 4,Q4: 4,Top10: 3
113,Country: Finland,Year: 1997,Num of Systems: 10,RMax: 5,RPeak: 4,Total Cores: 5,GDPpC: 5,HDI: 7,Q1: 8,Q2: 9,Q3: 9,Q4: 9,Top10: 8
114,Country: Sweden,Year: 1997,Num of Systems: 4,RMax: 3,RPeak: 3,Total Cores: 3,GDPpC: 3,HDI: 2,Q1: 5,Q2: 6,Q3: 7,Q4: 6,Top10: 5
115,Country: South Korea,Year: 1997,Num of Systems: 3,RMax: 3,RPeak: 3,Total Cores: 4,GDPpC: 9,HDI: 9,Q1: 7,Q2: 7,Q3: 6,Q4: 6,Top10: 8
116,Country: Italy,Year: 1997,Num of Systems: 6,RMax: 6,RPeak: 6,Total Cores: 6,GDPpC: 7,HDI: 8,Q1: 3,Q2: 3,Q3: 3,Q4: 3,Top10: 3
117,Country: Norway,Year: 1997,Num of Systems: 5,RMax: 6,RPeak: 6,Total Cores: 5,GDPpC: 1,HDI: 1,Q1: 9,Q2: 9,Q3: 9,Q4: 10,Top10: 9
118,Country: Netherlands,Year: 1997,Num of Systems: 3,RMax: 4,RPeak: 5,Total Cores: 4,GDPpC: 5,HDI: 3,Q1: 4,Q2: 5,Q3: 5,Q4: 5,Top10: 4
119,Country: Denmark,Year: 1997,Num of Systems: 10,RMax: 7,RPeak: 8,Total Cores: 10,GDPpC: 2,HDI: 6,Q1: 8,Q2: 8,Q3: 8,Q4: 9,Top10: 7
120,Country: Switzerland,Year: 1997,Num of Systems: 4,RMax: 5,RPeak: 5,Total Cores: 3,GDPpC: 1,HDI: 3,Q1: 6,Q2: 6,Q3: 6,Q4: 6,Top10: 6
121,Country: Australia,Year: 1997,Num of Systems: 8,RMax: 7,RPeak: 7,Total Cores: 9,GDPpC: 6,HDI: 1,Q1: 4,Q2: 4,Q3: 5,Q4: 5,Top10: 4
122,Country: Russian Federation,Year: 1997,Num of Systems: 10,RMax: 9,RPeak: 9,Total Cores: 9,GDPpC: 10,HDI: 9,Q1: 6,Q2: 5,Q3: 3,Q4: 1,Top10: 6
123,Country: Spain,Year: 1997,Num of Systems: 5,RMax: 6,RPeak: 6,Total Cores: 6,GDPpC: 8,HDI: 8,Q1: 5,Q2: 4,Q3: 4,Q4: 4,Top10: 5
124,Country: Taiwan,Year: 1997,Num of Systems: 9,RMax: 10,RPeak: 10,Total Cores: 7,,,Q1: 7,Q2: 8,Q3: 7,Q4: 7,Top10: 7
125,Country: Liechtenstein,Year: 1997,Num of Systems: 9,RMax: 10,RPeak: 10,Total Cores: 10,GDPpC: 1,,Q1: 10,Q2: 10,Q3: 10,Q4: 10,Top10: 10
126,Country: Brazil,Year: 1997,Num of Systems: 7,RMax: 8,RPeak: 7,Total Cores: 8,GDPpC: 9,HDI: 10,Q1: 9,Q2: 7,Q3: 6,Q4: 7,Top10: 9
127,Country: Israel,Year: 1997,Num of Systems: 7,RMax: 8,RPeak: 8,Total Cores: 7,GDPpC: 8,HDI: 6,Q1: 6,Q2: 6,Q3: 8,Q4: 8,Top10: 6
128,Country: Mexico,Year: 1997,Num of Systems: 6,RMax: 9,RPeak: 9,Total Cores: 8,GDPpC: 10,HDI: 10,Q1: 10,Q2: 10,Q3: 10,Q4: 8,Top10: 10
129,Country: South Africa,Year: 1997,Num of Systems: 8,RMax: 10,RPeak: 10,Total Cores: 10,GDPpC: 10,HDI: 10,Q1: 10,Q2: 10,Q3: 10,Q4: 10,Top10: 10
130,Country: United States,Year: 1998,Num of Systems: 1,RMax: 1,RPeak: 1,Total Cores: 1,GDPpC: 2,HDI: 2,Q1: 1,Q2: 1,Q3: 1,Q4: 1,Top10: 1
131,Country: United Kingdom,Year: 1998,Num of Systems: 2,RMax: 2,RPeak: 2,Total Cores: 2,GDPpC: 4,HDI: 5,Q1: 1,Q2: 2,Q3: 2,Q4: 3,Top10: 1
132,Country: Germany,Year: 1998,Num of Systems: 2,RMax: 2,RPeak: 2,Total Cores: 2,GDPpC: 5,HDI: 5,Q1: 2,Q2: 2,Q3: 2,Q4: 2,Top10: 2
133,Country: Japan,Year: 1998,Num of Systems: 1,RMax: 1,RPeak: 1,Total Cores: 1,GDPpC: 3,HDI: 6,Q1: 2,Q2: 1,Q3: 1,Q4: 1,Top10: 2
134,Country: Canada,Year: 1998,Num of Systems: 3,RMax: 3,RPeak: 3,Total Cores: 4,GDPpC: 8,HDI: 4,Q1: 3,Q2: 3,Q3: 4,Q4: 4,Top10: 3
135,Country: France,Year: 1998,Num of Systems: 3,RMax: 3,RPeak: 3,Total Cores: 3,GDPpC: 7,HDI: 7,Q1: 3,Q2: 3,Q3: 3,Q4: 3,Top10: 3
136,Country: Italy,Year: 1998,Num of Systems: 10,RMax: 5,RPeak: 5,Total Cores: 7,GDPpC: 7,HDI: 8,Q1: 4,Q2: 4,Q3: 4,Q4: 4,Top10: 4
137,Country: Finland,Year: 1998,Num of Systems: 10,RMax: 6,RPeak: 6,Total Cores: 6,GDPpC: 5,HDI: 7,Q1: 9,Q2: 9,Q3: 10,Q4: 9,Top10: 9
138,Country: Sweden,Year: 1998,Num of Systems: 5,RMax: 4,RPeak: 4,Total Cores: 3,GDPpC: 3,HDI: 2,Q1: 6,Q2: 6,Q3: 7,Q4: 6,Top10: 6
139,Country: South Korea,Year: 1998,Num of Systems: 4,RMax: 4,RPeak: 4,Total Cores: 5,GDPpC: 9,HDI: 9,Q1: 8,Q2: 7,Q3: 6,Q4: 7,Top10: 8
140,Country: Australia,Year: 1998,Num of Systems: 6,RMax: 7,RPeak: 7,Total Cores: 8,GDPpC: 8,HDI: 1,Q1: 5,Q2: 4,Q3: 5,Q4: 6,Top10: 5
141,Country: Norway,Year: 1998,Num of Systems: 8,RMax: 8,RPeak: 8,Total Cores: 7,GDPpC: 1,HDI: 1,Q1: 10,Q2: 10,Q3: 9,Q4: 10,Top10: 10
142,Country: Netherlands,Year: 1998,Num of Systems: 6,RMax: 6,RPeak: 5,Total Cores: 5,GDPpC: 4,HDI: 3,Q1: 4,Q2: 5,Q3: 6,Q4: 5,Top10: 4
143,Country: Denmark,Year: 1998,Num of Systems: 7,RMax: 8,RPeak: 8,Total Cores: 9,GDPpC: 2,HDI: 6,Q1: 9,Q2: 9,Q3: 9,Q4: 10,Top10: 8
144,Country: Switzerland,Year: 1998,Num of Systems: 4,RMax: 5,RPeak: 6,Total Cores: 4,GDPpC: 1,HDI: 3,Q1: 6,Q2: 7,Q3: 7,Q4: 7,Top10: 6
145,Country: Mexico,Year: 1998,Num of Systems: 7,RMax: 9,RPeak: 9,Total Cores: 9,GDPpC: 10,HDI: 10,Q1: 10,Q2: 10,Q3: 10,Q4: 9,Top10: 10
146,Country: Spain,Year: 1998,Num of Systems: 5,RMax: 7,RPeak: 7,Total Cores: 6,GDPpC: 9,HDI: 9,Q1: 5,Q2: 5,Q3: 5,Q4: 5,Top10: 5
147,Country: Belgium,Year: 1998,Num of Systems: 10,RMax: 9,RPeak: 10,Total Cores: 10,GDPpC: 6,HDI: 4,Q1: 7,Q2: 8,Q3: 8,Q4: 8,Top10: 7
148,Country: Hong Kong,Year: 1998,Num of Systems: 9,RMax: 10,RPeak: 9,Total Cores: 10,GDPpC: 6,HDI: 8,Q1: 10,Q2: 10,Q3: 10,Q4: 10,Top10: 10
149,Country: Taiwan,Year: 1998,Num of Systems: 9,RMax: 10,RPeak: 10,Total Cores: 8,,,Q1: 8,Q2: 8,Q3: 8,Q4: 8,Top10: 7
150,Country: Russian Federation,Year: 1998,Num of Systems: 8,RMax: 10,RPeak: 10,Total Cores: 10,GDPpC: 10,HDI: 10,Q1: 7,Q2: 6,Q3: 3,Q4: 2,Top10: 9
151,Country: United States,Year: 1999,Num of Systems: 1,RMax: 1,RPeak: 1,Total Cores: 1,GDPpC: 2,HDI: 2,Q1: 1,Q2: 1,Q3: 1,Q4: 1,Top10: 1
152,Country: Japan,Year: 1999,Num of Systems: 1,RMax: 1,RPeak: 1,Total Cores: 1,GDPpC: 2,HDI: 7,Q1: 1,Q2: 1,Q3: 1,Q4: 1,Top10: 2
153,Country: Germany,Year: 1999,Num of Systems: 1,RMax: 1,RPeak: 1,Total Cores: 1,GDPpC: 5,HDI: 6,Q1: 2,Q2: 2,Q3: 1,Q4: 1,Top10: 1
154,Country: United Kingdom,Year: 1999,Num of Systems: 2,RMax: 2,RPeak: 2,Total Cores: 2,GDPpC: 4,HDI: 5,Q1: 1,Q2: 1,Q3: 2,Q4: 3,Top10: 1
155,Country: France,Year: 1999,Num of Systems: 2,RMax: 2,RPeak: 2,Total Cores: 2,GDPpC: 7,HDI: 8,Q1: 2,Q2: 2,Q3: 3,Q4: 2,Top10: 2
156,Country: Italy,Year: 1999,Num of Systems: 4,RMax: 3,RPeak: 3,Total Cores: 4,GDPpC: 8,HDI: 9,Q1: 3,Q2: 3,Q3: 4,Q4: 3,Top10: 3
157,Country: Canada,Year: 1999,Num of Systems: 5,RMax: 3,RPeak: 4,Total Cores: 5,GDPpC: 7,HDI: 4,Q1: 3,Q2: 3,Q3: 3,Q4: 4,Top10: 3
158,Country: Taiwan,Year: 1999,Num of Systems: 10,RMax: 7,RPeak: 7,Total Cores: 10,,,Q1: 7,Q2: 7,Q3: 6,Q4: 7,Top10: 8
159,Country: Finland,Year: 1999,Num of Systems: 7,RMax: 6,RPeak: 6,Total Cores: 6,GDPpC: 6,HDI: 8,Q1: 8,Q2: 9,Q3: 9,Q4: 9,Top10: 8
160,Country: South Korea,Year: 1999,Num of Systems: 5,RMax: 5,RPeak: 5,Total Cores: 5,GDPpC: 10,HDI: 10,Q1: 6,Q2: 6,Q3: 5,Q4: 4,Top10: 7
161,Country: Sweden,Year: 1999,Num of Systems: 3,RMax: 4,RPeak: 4,Total Cores: 3,GDPpC: 3,HDI: 1,Q1: 5,Q2: 5,Q3: 6,Q4: 6,Top10: 5
162,Country: New Zealand,Year: 1999,Num of Systems: 10,RMax: 7,RPeak: 7,Total Cores: 8,GDPpC: 9,HDI: 4,Q1: 10,Q2: 9,Q3: 10,Q4: 10,Top10: 10
163,Country: Netherlands,Year: 1999,Num of Systems: 3,RMax: 4,RPeak: 3,Total Cores: 3,GDPpC: 4,HDI: 3,Q1: 4,Q2: 5,Q3: 5,Q4: 5,Top10: 4
164,Country: Switzerland,Year: 1999,Num of Systems: 4,RMax: 5,RPeak: 5,Total Cores: 4,GDPpC: 1,HDI: 2,Q1: 6,Q2: 6,Q3: 6,Q4: 6,Top10: 5
165,Country: Australia,Year: 1999,Num of Systems: 6,RMax: 6,RPeak: 6,Total Cores: 6,GDPpC: 8,HDI: 1,Q1: 4,Q2: 4,Q3: 4,Q4: 5,Top10: 4
166,Country: Belgium,Year: 1999,Num of Systems: 10,RMax: 8,RPeak: 8,Total Cores: 7,GDPpC: 6,HDI: 3,Q1: 6,Q2: 6,Q3: 7,Q4: 6,Top10: 6
167,Country: Israel,Year: 1999,Num of Systems: 9,RMax: 9,RPeak: 9,Total Cores: 9,GDPpC: 9,HDI: 6,Q1: 7,Q2: 7,Q3: 7,Q4: 8,Top10: 6
168,Country: Norway,Year: 1999,Num of Systems: 6,RMax: 8,RPeak: 8,Total Cores: 7,GDPpC: 1,HDI: 1,Q1: 9,Q2: 10,Q3: 10,Q4: 10,Top10: 9
169,Country: Austria,Year: 1999,Num of Systems: 9,RMax: 9,RPeak: 9,Total Cores: 8,GDPpC: 5,HDI: 9,Q1: 9,Q2: 8,Q3: 8,Q4: 8,Top10: 9
170,Country: China,Year: 1999,Num of Systems: 8,RMax: 10,RPeak: 10,Total Cores: 10,GDPpC: 10,HDI: 10,Q1: 5,Q2: 4,Q3: 2,Q4: 2,Top10: 6
171,Country: Luxembourg,Year: 1999,Num of Systems: 6,RMax: 6,RPeak: 6,Total Cores: 6,GDPpC: 1,HDI: 7,Q1: 10,Q2: 10,Q3: 10,Q4: 10,Top10: 10
172,Country: Mexico,Year: 1999,Num of Systems: 8,RMax: 10,RPeak: 10,Total Cores: 10,GDPpC: 10,HDI: 10,Q1: 10,Q2: 10,Q3: 9,Q4: 7,Top10: 10
173,Country: Denmark,Year: 1999,Num of Systems: 7,RMax: 10,RPeak: 10,Total Cores: 9,GDPpC: 3,HDI: 5,Q1: 8,Q2: 8,Q3: 8,Q4: 9,Top10: 7
174,Country: United States,Year: 2000,Num of Systems: 1,RMax: 1,RPeak: 1,Total Cores: 1,GDPpC: 2,HDI: 2,Q1: 1,Q2: 1,Q3: 1,Q4: 1,Top10: 1
175,Country: Germany,Year: 2000,Num of Systems: 1,RMax: 1,RPeak: 1,Total Cores: 1,GDPpC: 6,HDI: 4,Q1: 2,Q2: 2,Q3: 1,Q4: 1,Top10: 1
176,Country: Japan,Year: 2000,Num of Systems: 1,RMax: 1,RPeak: 1,Total Cores: 1,GDPpC: 1,HDI: 6,Q1: 1,Q2: 1,Q3: 1,Q4: 1,Top10: 2
177,Country: United Kingdom,Year: 2000,Num of Systems: 2,RMax: 2,RPeak: 2,Total Cores: 2,GDPpC: 3,HDI: 4,Q1: 1,Q2: 1,Q3: 2,Q4: 2,Top10: 1
178,Country: Hong Kong,Year: 2000,Num of Systems: 10,RMax: 6,RPeak: 5,Total Cores: 5,GDPpC: 4,HDI: 8,Q1: 8,Q2: 8,Q3: 9,Q4: 9,Top10: 8
179,Country: Sweden,Year: 2000,Num of Systems: 4,RMax: 3,RPeak: 3,Total Cores: 3,GDPpC: 3,HDI: 1,Q1: 4,Q2: 5,Q3: 6,Q4: 6,Top10: 5
180,Country: Finland,Year: 2000,Num of Systems: 5,RMax: 4,RPeak: 3,Total Cores: 4,GDPpC: 5,HDI: 5,Q1: 7,Q2: 8,Q3: 9,Q4: 8,Top10: 7
181,Country: Austria,Year: 2000,Num of Systems: 5,RMax: 3,RPeak: 3,Total Cores: 3,GDPpC: 4,HDI: 7,Q1: 8,Q2: 7,Q3: 8,Q4: 7,Top10: 8
182,Country: France,Year: 2000,Num of Systems: 2,RMax: 2,RPeak: 2,Total Cores: 2,GDPpC: 6,HDI: 7,Q1: 2,Q2: 2,Q3: 2,Q4: 2,Top10: 2
183,Country: Australia,Year: 2000,Num of Systems: 4,RMax: 5,RPeak: 5,Total Cores: 5,GDPpC: 7,HDI: 1,Q1: 3,Q2: 3,Q3: 3,Q4: 3,Top10: 3
184,Country: Canada,Year: 2000,Num of Systems: 3,RMax: 3,RPeak: 4,Total Cores: 4,GDPpC: 5,HDI: 4,Q1: 2,Q2: 3,Q3: 3,Q4: 3,Top10: 2
185,Country: Italy,Year: 2000,Num of Systems: 3,RMax: 4,RPeak: 4,Total Cores: 3,GDPpC: 7,HDI: 7,Q1: 3,Q2: 2,Q3: 2,Q4: 2,Top10: 3
186,Country: Saudi Arabia,Year: 2000,Num of Systems: 8,RMax: 6,RPeak: 6,Total Cores: 6,GDPpC: 9,HDI: 10,Q1: 10,Q2: 10,Q3: 10,Q4: 10,Top10: 10
187,Country: South Korea,Year: 2000,Num of Systems: 5,RMax: 5,RPeak: 6,Total Cores: 6,GDPpC: 9,HDI: 9,Q1: 5,Q2: 4,Q3: 4,Q4: 5,Top10: 5
188,Country: Taiwan,Year: 2000,Num of Systems: 8,RMax: 6,RPeak: 6,Total Cores: 9,,,Q1: 6,Q2: 6,Q3: 5,Q4: 6,Top10: 6
189,Country: Luxembourg,Year: 2000,Num of Systems: 7,RMax: 7,RPeak: 7,Total Cores: 6,GDPpC: 1,HDI: 6,Q1: 10,Q2: 10,Q3: 10,Q4: 10,Top10: 10
190,Country: Denmark,Year: 2000,Num of Systems: 7,RMax: 7,RPeak: 7,Total Cores: 7,GDPpC: 2,HDI: 5,Q1: 7,Q2: 8,Q3: 7,Q4: 9,Top10: 6
191,Country: Netherlands,Year: 2000,Num of Systems: 2,RMax: 2,RPeak: 2,Total Cores: 2,GDPpC: 4,HDI: 2,Q1: 3,Q2: 4,Q3: 5,Q4: 4,Top10: 3
192,Country: Mexico,Year: 2000,Num of Systems: 10,RMax: 9,RPeak: 9,Total Cores: 8,GDPpC: 9,HDI: 10,Q1: 9,Q2: 9,Q3: 8,Q4: 7,Top10: 9
193,Country: New Zealand,Year: 2000,Num of Systems: 10,RMax: 9,RPeak: 9,Total Cores: 9,GDPpC: 8,HDI: 3,Q1: 9,Q2: 9,Q3: 10,Q4: 10,Top10: 9
194,Country: Switzerland,Year: 2000,Num of Systems: 3,RMax: 5,RPeak: 5,Total Cores: 5,GDPpC: 2,HDI: 2,Q1: 5,Q2: 5,Q3: 6,Q4: 5,Top10: 4
195,Country: Belgium,Year: 2000,Num of Systems: 6,RMax: 8,RPeak: 8,Total Cores: 8,GDPpC: 6,HDI: 3,Q1: 5,Q2: 7,Q3: 6,Q4: 6,Top10: 5
196,Country: Brazil,Year: 2000,Num of Systems: 6,RMax: 8,RPeak: 8,Total Cores: 7,GDPpC: 10,HDI: 10,Q1: 6,Q2: 5,Q3: 5,Q4: 5,Top10: 7
197,Country: Spain,Year: 2000,Num of Systems: 6,RMax: 8,RPeak: 8,Total Cores: 8,GDPpC: 8,HDI: 8,Q1: 4,Q2: 3,Q3: 3,Q4: 3,Top10: 4
198,Country: Norway,Year: 2000,Num of Systems: 9,RMax: 9,RPeak: 9,Total Cores: 9,GDPpC: 1,HDI: 1,Q1: 9,Q2: 9,Q3: 8,Q4: 9,Top10: 9
199,Country: Israel,Year: 2000,Num of Systems: 9,RMax: 10,RPeak: 10,Total Cores: 10,GDPpC: 7,HDI: 6,Q1: 6,Q2: 6,Q3: 7,Q4: 8,Top10: 6
200,Country: Hungary,Year: 2000,Num of Systems: 9,RMax: 10,RPeak: 10,Total Cores: 10,GDPpC: 10,HDI: 9,Q1: 10,Q2: 10,Q3: 9,Q4: 8,Top10: 10
201,Country: Poland,Year: 2000,Num of Systems: 8,RMax: 10,RPeak: 10,Total Cores: 10,GDPpC: 10,HDI: 9,Q1: 8,Q2: 6,Q3: 4,Q4: 4,Top10: 8
202,Country: United States,Year: 2001,Num of Systems: 1,RMax: 1,RPeak: 1,Total Cores: 1,GDPpC: 2,HDI: 2,Q1: 1,Q2: 1,Q3: 1,Q4: 1,Top10: 1
203,Country: Japan,Year: 2001,Num of Systems: 1,RMax: 1,RPeak: 1,Total Cores: 1,GDPpC: 2,HDI: 6,Q1: 1,Q2: 1,Q3: 1,Q4: 1,Top10: 2
204,Country: Germany,Year: 2001,Num of Systems: 1,RMax: 1,RPeak: 1,Total Cores: 1,GDPpC: 5,HDI: 3,Q1: 2,Q2: 2,Q3: 2,Q4: 2,Top10: 1
205,Country: United Kingdom,Year: 2001,Num of Systems: 2,RMax: 2,RPeak: 2,Total Cores: 2,GDPpC: 3,HDI: 4,Q1: 1,Q2: 1,Q3: 2,Q4: 3,Top10: 1
206,Country: Australia,Year: 2001,Num of Systems: 5,RMax: 4,RPeak: 4,Total Cores: 4,GDPpC: 7,HDI: 1,Q1: 3,Q2: 3,Q3: 4,Q4: 4,Top10: 3
207,Country: Saudi Arabia,Year: 2001,Num of Systems: 8,RMax: 5,RPeak: 5,Total Cores: 5,GDPpC: 9,HDI: 9,Q1: 10,Q2: 10,Q3: 10,Q4: 10,Top10: 10
208,Country: France,Year: 2001,Num of Systems: 2,RMax: 2,RPeak: 2,Total Cores: 2,GDPpC: 6,HDI: 6,Q1: 2,Q2: 2,Q3: 2,Q4: 2,Top10: 2
209,Country: Hong Kong,Year: 2001,Num of Systems: 10,RMax: 5,RPeak: 5,Total Cores: 5,GDPpC: 4,HDI: 7,Q1: 8,Q2: 8,Q3: 8,Q4: 8,Top10: 8
210,Country: Sweden,Year: 2001,Num of Systems: 4,RMax: 4,RPeak: 4,Total Cores: 3,GDPpC: 3,HDI: 1,Q1: 4,Q2: 5,Q3: 6,Q4: 5,Top10: 5
211,Country: Netherlands,Year: 2001,Num of Systems: 3,RMax: 3,RPeak: 3,Total Cores: 2,GDPpC: 3,HDI: 2,Q1: 4,Q2: 4,Q3: 5,Q4: 5,Top10: 3
212,Country: Portugal,Year: 2001,Num of Systems: 10,RMax: 7,RPeak: 7,Total Cores: 6,GDPpC: 8,HDI: 8,Q1: 9,Q2: 9,Q3: 9,Q4: 9,Top10: 9
213,Country: Finland,Year: 2001,Num of Systems: 4,RMax: 4,RPeak: 4,Total Cores: 4,GDPpC: 4,HDI: 5,Q1: 7,Q2: 7,Q3: 8,Q4: 7,Top10: 7
214,Country: Canada,Year: 2001,Num of Systems: 3,RMax: 3,RPeak: 3,Total Cores: 3,GDPpC: 5,HDI: 4,Q1: 2,Q2: 3,Q3: 3,Q4: 3,Top10: 2
215,Country: Taiwan,Year: 2001,Num of Systems: 4,RMax: 5,RPeak: 5,Total Cores: 5,,,Q1: 5,Q2: 6,Q3: 5,Q4: 6,Top10: 6
216,Country: Italy,Year: 2001,Num of Systems: 3,RMax: 3,RPeak: 3,Total Cores: 4,GDPpC: 6,HDI: 7,Q1: 3,Q2: 3,Q3: 3,Q4: 3,Top10: 3
217,Country: South Korea,Year: 2001,Num of Systems: 2,RMax: 2,RPeak: 2,Total Cores: 3,GDPpC: 8,HDI: 8,Q1: 5,Q2: 4,Q3: 4,Q4: 4,Top10: 5
218,Country: China,Year: 2001,Num of Systems: 6,RMax: 6,RPeak: 6,Total Cores: 8,GDPpC: 10,HDI: 10,Q1: 4,Q2: 2,Q3: 1,Q4: 2,Top10: 4
219,Country: Brazil,Year: 2001,Num of Systems: 8,RMax: 6,RPeak: 6,Total Cores: 8,GDPpC: 10,HDI: 10,Q1: 6,Q2: 5,Q3: 5,Q4: 5,Top10: 7
220,Country: Belgium,Year: 2001,Num of Systems: 8,RMax: 7,RPeak: 7,Total Cores: 9,GDPpC: 5,HDI: 3,Q1: 6,Q2: 6,Q3: 6,Q4: 6,Top10: 5
221,Country: Norway,Year: 2001,Num of Systems: 7,RMax: 8,RPeak: 9,Total Cores: 6,GDPpC: 1,HDI: 1,Q1: 8,Q2: 9,Q3: 8,Q4: 9,Top10: 8
222,Country: Luxembourg,Year: 2001,Num of Systems: 10,RMax: 9,RPeak: 9,Total Cores: 7,GDPpC: 1,HDI: 5,Q1: 10,Q2: 10,Q3: 10,Q4: 10,Top10: 10
223,Country: Spain,Year: 2001,Num of Systems: 7,RMax: 8,RPeak: 8,Total Cores: 9,GDPpC: 7,HDI: 7,Q1: 3,Q2: 4,Q3: 4,Q4: 4,Top10: 4
224,Country: Switzerland,Year: 2001,Num of Systems: 7,RMax: 8,RPeak: 8,Total Cores: 7,GDPpC: 1,HDI: 2,Q1: 5,Q2: 6,Q3: 6,Q4: 6,Top10: 4
225,Country: Denmark,Year: 2001,Num of Systems: 6,RMax: 9,RPeak: 8,Total Cores: 8,GDPpC: 2,HDI: 3,Q1: 7,Q2: 7,Q3: 7,Q4: 8,Top10: 6
226,Country: Mexico,Year: 2001,Num of Systems: 6,RMax: 9,RPeak: 9,Total Cores: 7,GDPpC: 9,HDI: 9,Q1: 9,Q2: 8,Q3: 7,Q4: 7,Top10: 9
227,Country: New Zealand,Year: 2001,Num of Systems: 10,RMax: 10,RPeak: 10,Total Cores: 10,GDPpC: 8,HDI: 4,Q1: 8,Q2: 8,Q3: 9,Q4: 9,Top10: 8
228,Country: Austria,Year: 2001,Num of Systems: 5,RMax: 6,RPeak: 6,Total Cores: 6,GDPpC: 4,HDI: 6,Q1: 7,Q2: 7,Q3: 7,Q4: 7,Top10: 7
229,Country: Russian Federation,Year: 2001,Num of Systems: 9,RMax: 10,RPeak: 10,Total Cores: 10,GDPpC: 10,HDI: 9,Q1: 6,Q2: 5,Q3: 3,Q4: 1,Top10: 6
230,Country: Venezuela,Year: 2001,Num of Systems: 5,RMax: 7,RPeak: 7,Total Cores: 9,GDPpC: 9,HDI: 10,Q1: 10,Q2: 10,Q3: 10,Q4: 10,Top10: 10
231,Country: Puerto Rico,Year: 2001,Num of Systems: 9,RMax: 10,RPeak: 10,Total Cores: 10,GDPpC: 7,,Q1: 10,Q2: 10,Q3: 10,Q4: 10,Top10: 10
232,Country: Singapore,Year: 2001,Num of Systems: 9,RMax: 10,RPeak: 10,Total Cores: 10,GDPpC: 6,HDI: 8,Q1: 9,Q2: 9,Q3: 9,Q4: 8,Top10: 9
233,Country: Japan,Year: 2002,Num of Systems: 1,RMax: 1,RPeak: 1,Total Cores: 1,GDPpC: 2,HDI: 5,Q1: 1,Q2: 1,Q3: 1,Q4: 1,Top10: 2
234,Country: United States,Year: 2002,Num of Systems: 1,RMax: 1,RPeak: 1,Total Cores: 1,GDPpC: 1,HDI: 2,Q1: 1,Q2: 1,Q3: 1,Q4: 1,Top10: 1
235,Country: France,Year: 2002,Num of Systems: 2,RMax: 2,RPeak: 2,Total Cores: 2,GDPpC: 5,HDI: 5,Q1: 2,Q2: 2,Q3: 2,Q4: 2,Top10: 2
236,Country: United Kingdom,Year: 2002,Num of Systems: 2,RMax: 2,RPeak: 2,Total Cores: 2,GDPpC: 2,HDI: 4,Q1: 1,Q2: 1,Q3: 2,Q4: 3,Top10: 1
237,Country: Germany,Year: 2002,Num of Systems: 1,RMax: 1,RPeak: 1,Total Cores: 1,GDPpC: 4,HDI: 2,Q1: 2,Q2: 2,Q3: 2,Q4: 2,Top10: 1
238,Country: Italy,Year: 2002,Num of Systems: 2,RMax: 2,RPeak: 2,Total Cores: 3,GDPpC: 6,HDI: 6,Q1: 3,Q2: 3,Q3: 3,Q4: 3,Top10: 3
239,Country: Finland,Year: 2002,Num of Systems: 5,RMax: 4,RPeak: 4,Total Cores: 4,GDPpC: 3,HDI: 4,Q1: 7,Q2: 7,Q3: 8,Q4: 7,Top10: 7
240,Country: China,Year: 2002,Num of Systems: 4,RMax: 4,RPeak: 4,Total Cores: 6,GDPpC: 10,HDI: 10,Q1: 3,Q2: 2,Q3: 1,Q4: 2,Top10: 4
241,Country: Sweden,Year: 2002,Num of Systems: 4,RMax: 3,RPeak: 3,Total Cores: 4,GDPpC: 2,HDI: 1,Q1: 4,Q2: 5,Q3: 6,Q4: 6,Top10: 4
242,Country: Australia,Year: 2002,Num of Systems: 7,RMax: 4,RPeak: 5,Total Cores: 7,GDPpC: 6,HDI: 1,Q1: 3,Q2: 4,Q3: 4,Q4: 4,Top10: 4
243,Country: Switzerland,Year: 2002,Num of Systems: 10,RMax: 8,RPeak: 7,Total Cores: 9,GDPpC: 1,HDI: 2,Q1: 5,Q2: 6,Q3: 6,Q4: 5,Top10: 5
244,Country: Russian Federation,Year: 2002,Num of Systems: 10,RMax: 8,RPeak: 8,Total Cores: 6,GDPpC: 9,HDI: 8,Q1: 6,Q2: 5,Q3: 3,Q4: 1,Top10: 6
245,Country: South Korea,Year: 2002,Num of Systems: 3,RMax: 3,RPeak: 3,Total Cores: 5,GDPpC: 8,HDI: 7,Q1: 5,Q2: 4,Q3: 4,Q4: 4,Top10: 5
246,Country: Taiwan,Year: 2002,Num of Systems: 7,RMax: 6,RPeak: 6,Total Cores: 7,,,Q1: 6,Q2: 6,Q3: 5,Q4: 6,Top10: 6
247,Country: Singapore,Year: 2002,Num of Systems: 9,RMax: 7,RPeak: 6,Total Cores: 8,GDPpC: 6,HDI: 7,Q1: 8,Q2: 9,Q3: 9,Q4: 8,Top10: 8
248,Country: Saudi Arabia,Year: 2002,Num of Systems: 7,RMax: 5,RPeak: 4,Total Cores: 3,GDPpC: 8,HDI: 8,Q1: 10,Q2: 10,Q3: 10,Q4: 10,Top10: 10
249,Country: Norway,Year: 2002,Num of Systems: 6,RMax: 6,RPeak: 7,Total Cores: 5,GDPpC: 1,HDI: 1,Q1: 8,Q2: 9,Q3: 7,Q4: 9,Top10: 8
250,Country: Hong Kong,Year: 2002,Num of Systems: 8,RMax: 7,RPeak: 8,Total Cores: 6,GDPpC: 4,HDI: 6,Q1: 7,Q2: 7,Q3: 8,Q4: 8,Top10: 7
251,Country: Netherlands,Year: 2002,Num of Systems: 3,RMax: 3,RPeak: 3,Total Cores: 2,GDPpC: 3,HDI: 3,Q1: 4,Q2: 4,Q3: 5,Q4: 5,Top10: 3
252,Country: Portugal,Year: 2002,Num of Systems: 10,RMax: 10,RPeak: 9,Total Cores: 9,GDPpC: 7,HDI: 8,Q1: 9,Q2: 9,Q3: 9,Q4: 8,Top10: 9
253,Country: Egypt,Year: 2002,Num of Systems: 6,RMax: 7,RPeak: 5,Total Cores: 3,GDPpC: 10,HDI: 10,Q1: 10,Q2: 10,Q3: 10,Q4: 9,Top10: 10
254,Country: Canada,Year: 2002,Num of Systems: 4,RMax: 5,RPeak: 6,Total Cores: 5,GDPpC: 5,HDI: 4,Q1: 2,Q2: 3,Q3: 3,Q4: 3,Top10: 2
255,Country: Mexico,Year: 2002,Num of Systems: 3,RMax: 5,RPeak: 5,Total Cores: 4,GDPpC: 8,HDI: 9,Q1: 8,Q2: 8,Q3: 7,Q4: 7,Top10: 9
256,Country: Thailand,Year: 2002,Num of Systems: 6,RMax: 8,RPeak: 8,Total Cores: 8,GDPpC: 10,HDI: 9,Q1: 10,Q2: 10,Q3: 10,Q4: 10,Top10: 10
257,Country: Belgium,Year: 2002,Num of Systems: 5,RMax: 6,RPeak: 7,Total Cores: 7,GDPpC: 4,HDI: 3,Q1: 5,Q2: 6,Q3: 6,Q4: 6,Top10: 5
258,Country: New Zealand,Year: 2002,Num of Systems: 9,RMax: 10,RPeak: 10,Total Cores: 10,GDPpC: 7,HDI: 3,Q1: 9,Q2: 8,Q3: 9,Q4: 10,Top10: 8
259,Country: Spain,Year: 2002,Num of Systems: 8,RMax: 9,RPeak: 9,Total Cores: 10,GDPpC: 7,HDI: 7,Q1: 4,Q2: 3,Q3: 4,Q4: 4,Top10: 3
260,Country: Austria,Year: 2002,Num of Systems: 9,RMax: 10,RPeak: 10,Total Cores: 10,GDPpC: 3,HDI: 6,Q1: 7,Q2: 7,Q3: 7,Q4: 7,Top10: 7
261,Country: Brazil,Year: 2002,Num of Systems: 5,RMax: 9,RPeak: 9,Total Cores: 8,GDPpC: 9,HDI: 9,Q1: 6,Q2: 5,Q3: 5,Q4: 5,Top10: 6
262,Country: South Africa,Year: 2002,Num of Systems: 8,RMax: 9,RPeak: 10,Total Cores: 9,GDPpC: 9,HDI: 10,Q1: 9,Q2: 8,Q3: 8,Q4: 9,Top10: 9
263,Country: Japan,Year: 2003,Num of Systems: 1,RMax: 1,RPeak: 1,Total Cores: 1,GDPpC: 3,HDI: 5,Q1: 1,Q2: 1,Q3: 1,Q4: 1,Top10: 1
264,Country: United States,Year: 2003,Num of Systems: 1,RMax: 1,RPeak: 1,Total Cores: 1,GDPpC: 2,HDI: 2,Q1: 1,Q2: 1,Q3: 1,Q4: 1,Top10: 1
265,Country: China,Year: 2003,Num of Systems: 2,RMax: 2,RPeak: 2,Total Cores: 2,GDPpC: 10,HDI: 10,Q1: 2,Q2: 2,Q3: 1,Q4: 1,Top10: 3
266,Country: France,Year: 2003,Num of Systems: 2,RMax: 2,RPeak: 2,Total Cores: 2,GDPpC: 4,HDI: 5,Q1: 2,Q2: 2,Q3: 2,Q4: 2,Top10: 2
267,Country: United Kingdom,Year: 2003,Num of Systems: 1,RMax: 1,RPeak: 1,Total Cores: 1,GDPpC: 3,HDI: 4,Q1: 1,Q2: 1,Q3: 2,Q4: 2,Top10: 1
268,Country: South Korea,Year: 2003,Num of Systems: 2,RMax: 2,RPeak: 2,Total Cores: 2,GDPpC: 7,HDI: 6,Q1: 4,Q2: 3,Q3: 3,Q4: 3,Top10: 4
269,Country: Canada,Year: 2003,Num of Systems: 3,RMax: 3,RPeak: 2,Total Cores: 3,GDPpC: 5,HDI: 3,Q1: 2,Q2: 2,Q3: 3,Q4: 3,Top10: 2
270,Country: Germany,Year: 2003,Num of Systems: 1,RMax: 1,RPeak: 1,Total Cores: 1,GDPpC: 4,HDI: 2,Q1: 1,Q2: 1,Q3: 1,Q4: 1,Top10: 1
271,Country: Netherlands,Year: 2003,Num of Systems: 3,RMax: 4,RPeak: 4,Total Cores: 4,GDPpC: 2,HDI: 3,Q1: 3,Q2: 4,Q3: 4,Q4: 4,Top10: 2
272,Country: New Zealand,Year: 2003,Num of Systems: 5,RMax: 3,RPeak: 3,Total Cores: 3,GDPpC: 6,HDI: 2,Q1: 8,Q2: 8,Q3: 9,Q4: 9,Top10: 8
273,Country: Italy,Year: 2003,Num of Systems: 2,RMax: 2,RPeak: 3,Total Cores: 2,GDPpC: 5,HDI: 6,Q1: 2,Q2: 2,Q3: 2,Q4: 3,Top10: 2
274,Country: Mexico,Year: 2003,Num of Systems: 5,RMax: 4,RPeak: 3,Total Cores: 3,GDPpC: 8,HDI: 9,Q1: 8,Q2: 7,Q3: 6,Q4: 6,Top10: 8
275,Country: Finland,Year: 2003,Num of Systems: 7,RMax: 6,RPeak: 6,Total Cores: 6,GDPpC: 3,HDI: 4,Q1: 6,Q2: 6,Q3: 8,Q4: 7,Top10: 6
276,Country: Israel,Year: 2003,Num of Systems: 10,RMax: 7,RPeak: 6,Total Cores: 7,GDPpC: 6,HDI: 4,Q1: 5,Q2: 6,Q3: 6,Q4: 7,Top10: 5
277,Country: Sweden,Year: 2003,Num of Systems: 4,RMax: 5,RPeak: 5,Total Cores: 4,GDPpC: 2,HDI: 1,Q1: 3,Q2: 4,Q3: 5,Q4: 5,Top10: 4
278,Country: India,Year: 2003,Num of Systems: 8,RMax: 6,RPeak: 6,Total Cores: 6,GDPpC: 10,HDI: 10,Q1: 4,Q2: 3,Q3: 3,Q4: 2,Top10: 4
279,Country: Australia,Year: 2003,Num of Systems: 4,RMax: 3,RPeak: 4,Total Cores: 4,GDPpC: 6,HDI: 1,Q1: 3,Q2: 3,Q3: 4,Q4: 4,Top10: 3
280,Country: Saudi Arabia,Year: 2003,Num of Systems: 3,RMax: 3,RPeak: 3,Total Cores: 3,GDPpC: 8,HDI: 8,Q1: 9,Q2: 9,Q3: 9,Q4: 10,Top10: 9
281,Country: Switzerland,Year: 2003,Num of Systems: 6,RMax: 5,RPeak: 5,Total Cores: 6,GDPpC: 1,HDI: 1,Q1: 4,Q2: 5,Q3: 5,Q4: 5,Top10: 3
282,Country: Malaysia,Year: 2003,Num of Systems: 6,RMax: 6,RPeak: 4,Total Cores: 5,GDPpC: 9,HDI: 9,Q1: 9,Q2: 9,Q3: 9,Q4: 9,Top10: 9
283,Country: Taiwan,Year: 2003,Num of Systems: 4,RMax: 4,RPeak: 4,Total Cores: 4,,,Q1: 5,Q2: 5,Q3: 5,Q4: 6,Top10: 5
284,Country: Singapore,Year: 2003,Num of Systems: 4,RMax: 5,RPeak: 6,Total Cores: 7,GDPpC: 5,HDI: 6,Q1: 7,Q2: 8,Q3: 8,Q4: 7,Top10: 7
285,Country: Oman,Year: 2003,Num of Systems: 10,RMax: 8,RPeak: 7,Total Cores: 8,GDPpC: 8,HDI: 8,Q1: 10,Q2: 10,Q3: 10,Q4: 10,Top10: 10
286,Country: Russian Federation,Year: 2003,Num of Systems: 8,RMax: 7,RPeak: 8,Total Cores: 5,GDPpC: 9,HDI: 8,Q1: 6,Q2: 4,Q3: 2,Q4: 2,Top10: 6
287,Country: Spain,Year: 2003,Num of Systems: 3,RMax: 4,RPeak: 5,Total Cores: 5,GDPpC: 6,HDI: 7,Q1: 3,Q2: 3,Q3: 3,Q4: 3,Top10: 3
288,Country: Poland,Year: 2003,Num of Systems: 10,RMax: 9,RPeak: 9,Total Cores: 9,GDPpC: 8,HDI: 7,Q1: 6,Q2: 5,Q3: 4,Q4: 4,Top10: 7
289,Country: Indonesia,Year: 2003,Num of Systems: 10,RMax: 9,RPeak: 8,Total Cores: 9,GDPpC: 10,HDI: 10,Q1: 10,Q2: 10,Q3: 10,Q4: 10,Top10: 10
290,Country: Hong Kong,Year: 2003,Num of Systems: 6,RMax: 7,RPeak: 7,Total Cores: 6,GDPpC: 5,HDI: 5,Q1: 7,Q2: 7,Q3: 7,Q4: 7,Top10: 7
291,Country: Brazil,Year: 2003,Num of Systems: 6,RMax: 6,RPeak: 7,Total Cores: 7,GDPpC: 9,HDI: 9,Q1: 5,Q2: 4,Q3: 4,Q4: 4,Top10: 5
292,Country: Norway,Year: 2003,Num of Systems: 5,RMax: 7,RPeak: 7,Total Cores: 7,GDPpC: 1,HDI: 1,Q1: 7,Q2: 8,Q3: 7,Q4: 8,Top10: 7
293,Country: Austria,Year: 2003,Num of Systems: 9,RMax: 9,RPeak: 9,Total Cores: 10,GDPpC: 3,HDI: 6,Q1: 7,Q2: 6,Q3: 7,Q4: 6,Top10: 6
294,Country: Denmark,Year: 2003,Num of Systems: 7,RMax: 8,RPeak: 9,Total Cores: 8,GDPpC: 2,HDI: 2,Q1: 6,Q2: 7,Q3: 7,Q4: 8,Top10: 6
295,Country: South Africa,Year: 2003,Num of Systems: 7,RMax: 8,RPeak: 8,Total Cores: 8,GDPpC: 9,HDI: 10,Q1: 9,Q2: 8,Q3: 8,Q4: 8,Top10: 9
296,Country: Belgium,Year: 2003,Num of Systems: 7,RMax: 8,RPeak: 8,Total Cores: 8,GDPpC: 4,HDI: 3,Q1: 4,Q2: 6,Q3: 6,Q4: 5,Top10: 4
297,Country: Belarus,Year: 2003,Num of Systems: 9,RMax: 9,RPeak: 9,Total Cores: 10,GDPpC: 10,HDI: 9,Q1: 10,Q2: 10,Q3: 10,Q4: 9,Top10: 10
298,Country: Czech Republic,Year: 2003,Num of Systems: 9,RMax: 10,RPeak: 10,Total Cores: 10,GDPpC: 7,HDI: 7,Q1: 8,Q2: 7,Q3: 6,Q4: 6,Top10: 9
299,Country: Luxembourg,Year: 2003,Num of Systems: 9,RMax: 10,RPeak: 10,Total Cores: 10,GDPpC: 1,HDI: 5,Q1: 10,Q2: 10,Q3: 10,Q4: 10,Top10: 10
300,Country: Portugal,Year: 2003,Num of Systems: 8,RMax: 10,RPeak: 10,Total Cores: 9,GDPpC: 7,HDI: 8,Q1: 8,Q2: 9,Q3: 8,Q4: 8,Top10: 8
301,Country: Ireland,Year: 2003,Num of Systems: 8,RMax: 10,RPeak: 10,Total Cores: 9,GDPpC: 1,HDI: 3,Q1: 9,Q2: 9,Q3: 9,Q4: 9,Top10: 8
302,Country: United States,Year: 2004,Num of Systems: 1,RMax: 1,RPeak: 1,Total Cores: 1,GDPpC: 1,HDI: 2,Q1: 1,Q2: 1,Q3: 1,Q4: 1,Top10: 1
303,Country: Japan,Year: 2004,Num of Systems: 2,RMax: 1,RPeak: 1,Total Cores: 1,GDPpC: 2,HDI: 4,Q1: 2,Q2: 1,Q3: 1,Q4: 1,Top10: 2
304,Country: Spain,Year: 2004,Num of Systems: 7,RMax: 2,RPeak: 3,Total Cores: 4,GDPpC: 6,HDI: 6,Q1: 4,Q2: 4,Q3: 3,Q4: 4,Top10: 4
305,Country: United Kingdom,Year: 2004,Num of Systems: 1,RMax: 1,RPeak: 1,Total Cores: 1,GDPpC: 2,HDI: 4,Q1: 1,Q2: 1,Q3: 2,Q4: 3,Top10: 1
306,Country: China,Year: 2004,Num of Systems: 2,RMax: 2,RPeak: 2,Total Cores: 2,GDPpC: 10,HDI: 9,Q1: 3,Q2: 2,Q3: 1,Q4: 1,Top10: 3
307,Country: Germany,Year: 2004,Num of Systems: 1,RMax: 2,RPeak: 2,Total Cores: 2,GDPpC: 3,HDI: 1,Q1: 1,Q2: 2,Q3: 2,Q4: 2,Top10: 1
308,Country: France,Year: 2004,Num of Systems: 3,RMax: 3,RPeak: 2,Total Cores: 2,GDPpC: 3,HDI: 5,Q1: 2,Q2: 2,Q3: 2,Q4: 2,Top10: 2
309,Country: Saudi Arabia,Year: 2004,Num of Systems: 7,RMax: 5,RPeak: 5,Total Cores: 5,GDPpC: 7,HDI: 7,Q1: 10,Q2: 9,Q3: 10,Q4: 10,Top10: 10
310,Country: Israel,Year: 2004,Num of Systems: 7,RMax: 5,RPeak: 5,Total Cores: 6,GDPpC: 6,HDI: 4,Q1: 6,Q2: 7,Q3: 7,Q4: 8,Top10: 6
311,Country: Brazil,Year: 2004,Num of Systems: 4,RMax: 4,RPeak: 4,Total Cores: 4,GDPpC: 9,HDI: 9,Q1: 6,Q2: 5,Q3: 5,Q4: 5,Top10: 6
312,Country: Canada,Year: 2004,Num of Systems: 4,RMax: 4,RPeak: 3,Total Cores: 3,GDPpC: 4,HDI: 3,Q1: 2,Q2: 3,Q3: 3,Q4: 3,Top10: 2
313,Country: Italy,Year: 2004,Num of Systems: 2,RMax: 3,RPeak: 3,Total Cores: 3,GDPpC: 4,HDI: 5,Q1: 3,Q2: 3,Q3: 3,Q4: 4,Top10: 3
314,Country: South Korea,Year: 2004,Num of Systems: 3,RMax: 3,RPeak: 4,Total Cores: 3,GDPpC: 7,HDI: 6,Q1: 4,Q2: 4,Q3: 4,Q4: 4,Top10: 5
315,Country: Belarus,Year: 2004,Num of Systems: 10,RMax: 9,RPeak: 9,Total Cores: 9,GDPpC: 9,HDI: 8,Q1: 10,Q2: 10,Q3: 10,Q4: 9,Top10: 10
316,Country: Switzerland,Year: 2004,Num of Systems: 6,RMax: 7,RPeak: 6,Total Cores: 6,GDPpC: 1,HDI: 1,Q1: 5,Q2: 6,Q3: 6,Q4: 6,Top10: 4
317,Country: New Zealand,Year: 2004,Num of Systems: 8,RMax: 7,RPeak: 6,Total Cores: 5,GDPpC: 5,HDI: 3,Q1: 8,Q2: 8,Q3: 9,Q4: 9,Top10: 8
318,Country: Mexico,Year: 2004,Num of Systems: 5,RMax: 4,RPeak: 4,Total Cores: 4,GDPpC: 7,HDI: 8,Q1: 8,Q2: 8,Q3: 7,Q4: 7,Top10: 8
319,Country: Australia,Year: 2004,Num of Systems: 5,RMax: 6,RPeak: 6,Total Cores: 7,GDPpC: 4,HDI: 1,Q1: 3,Q2: 3,Q3: 5,Q4: 5,Top10: 4
320,Country: Taiwan,Year: 2004,Num of Systems: 8,RMax: 8,RPeak: 8,Total Cores: 8,,,Q1: 6,Q2: 6,Q3: 6,Q4: 6,Top10: 6
321,Country: Netherlands,Year: 2004,Num of Systems: 4,RMax: 6,RPeak: 7,Total Cores: 6,GDPpC: 2,HDI: 3,Q1: 4,Q2: 5,Q3: 5,Q4: 5,Top10: 3
322,Country: Russian Federation,Year: 2004,Num of Systems: 8,RMax: 8,RPeak: 8,Total Cores: 8,GDPpC: 9,HDI: 7,Q1: 7,Q2: 6,Q3: 4,Q4: 2,Top10: 7
323,Country: Sweden,Year: 2004,Num of Systems: 5,RMax: 6,RPeak: 7,Total Cores: 7,GDPpC: 1,HDI: 2,Q1: 5,Q2: 5,Q3: 6,Q4: 6,Top10: 5
324,Country: South Africa,Year: 2004,Num of Systems: 6,RMax: 7,RPeak: 7,Total Cores: 7,GDPpC: 8,HDI: 10,Q1: 9,Q2: 9,Q3: 8,Q4: 9,Top10: 9
325,Country: India,Year: 2004,Num of Systems: 3,RMax: 5,RPeak: 5,Total Cores: 5,GDPpC: 10,HDI: 10,Q1: 5,Q2: 4,Q3: 4,Q4: 3,Top10: 5
326,Country: Portugal,Year: 2004,Num of Systems: 6,RMax: 8,RPeak: 8,Total Cores: 8,GDPpC: 6,HDI: 7,Q1: 9,Q2: 9,Q3: 8,Q4: 8,Top10: 9
327,Country: Venezuela,Year: 2004,Num of Systems: 10,RMax: 9,RPeak: 10,Total Cores: 10,GDPpC: 8,HDI: 9,Q1: 10,Q2: 10,Q3: 10,Q4: 10,Top10: 10
328,Country: Finland,Year: 2004,Num of Systems: 10,RMax: 9,RPeak: 9,Total Cores: 9,GDPpC: 3,HDI: 2,Q1: 7,Q2: 7,Q3: 8,Q4: 8,Top10: 7
329,Country: Malaysia,Year: 2004,Num of Systems: 10,RMax: 10,RPeak: 9,Total Cores: 9,GDPpC: 8,HDI: 8,Q1: 9,Q2: 10,Q3: 9,Q4: 10,Top10: 9
330,Country: Singapore,Year: 2004,Num of Systems: 9,RMax: 10,RPeak: 10,Total Cores: 10,GDPpC: 5,HDI: 6,Q1: 8,Q2: 8,Q3: 9,Q4: 7,Top10: 8
331,Country: Indonesia,Year: 2004,Num of Systems: 9,RMax: 10,RPeak: 10,Total Cores: 10,GDPpC: 10,HDI: 10,Q1: 10,Q2: 10,Q3: 10,Q4: 10,Top10: 10
332,Country: Hong Kong,Year: 2004,Num of Systems: 9,RMax: 10,RPeak: 10,Total Cores: 10,GDPpC: 5,HDI: 5,Q1: 7,Q2: 7,Q3: 7,Q4: 7,Top10: 7
333,Country: United States,Year: 2005,Num of Systems: 1,RMax: 1,RPeak: 1,Total Cores: 1,GDPpC: 2,HDI: 3,Q1: 1,Q2: 1,Q3: 1,Q4: 1,Top10: 1
334,Country: Japan,Year: 2005,Num of Systems: 2,RMax: 1,RPeak: 1,Total Cores: 1,GDPpC: 4,HDI: 5,Q1: 2,Q2: 1,Q3: 1,Q4: 2,Top10: 2
335,Country: Spain,Year: 2005,Num of Systems: 8,RMax: 4,RPeak: 3,Total Cores: 5,GDPpC: 6,HDI: 7,Q1: 3,Q2: 4,Q3: 3,Q4: 4,Top10: 4
336,Country: Netherlands,Year: 2005,Num of Systems: 6,RMax: 3,RPeak: 4,Total Cores: 3,GDPpC: 3,HDI: 4,Q1: 4,Q2: 5,Q3: 5,Q4: 5,Top10: 3
337,Country: Switzerland,Year: 2005,Num of Systems: 6,RMax: 3,RPeak: 3,Total Cores: 2,GDPpC: 1,HDI: 1,Q1: 5,Q2: 6,Q3: 6,Q4: 6,Top10: 4
338,Country: South Korea,Year: 2005,Num of Systems: 3,RMax: 3,RPeak: 3,Total Cores: 4,GDPpC: 7,HDI: 7,Q1: 4,Q2: 4,Q3: 4,Q4: 4,Top10: 5
339,Country: China,Year: 2005,Num of Systems: 2,RMax: 2,RPeak: 2,Total Cores: 2,GDPpC: 10,HDI: 9,Q1: 2,Q2: 1,Q3: 1,Q4: 1,Top10: 3
340,Country: United Kingdom,Year: 2005,Num of Systems: 1,RMax: 1,RPeak: 1,Total Cores: 1,GDPpC: 3,HDI: 4,Q1: 1,Q2: 2,Q3: 2,Q4: 3,Top10: 1
341,Country: Australia,Year: 2005,Num of Systems: 2,RMax: 2,RPeak: 2,Total Cores: 3,GDPpC: 5,HDI: 1,Q1: 4,Q2: 3,Q3: 5,Q4: 5,Top10: 4
342,Country: Germany,Year: 2005,Num of Systems: 1,RMax: 2,RPeak: 2,Total Cores: 2,GDPpC: 5,HDI: 2,Q1: 1,Q2: 2,Q3: 2,Q4: 1,Top10: 1
343,Country: Canada,Year: 2005,Num of Systems: 4,RMax: 5,RPeak: 4,Total Cores: 4,GDPpC: 4,HDI: 4,Q1: 3,Q2: 3,Q3: 3,Q4: 4,Top10: 2
344,Country: France,Year: 2005,Num of Systems: 3,RMax: 4,RPeak: 5,Total Cores: 3,GDPpC: 5,HDI: 6,Q1: 2,Q2: 2,Q3: 2,Q4: 2,Top10: 2
345,Country: Russian Federation,Year: 2005,Num of Systems: 10,RMax: 8,RPeak: 8,Total Cores: 9,GDPpC: 8,HDI: 8,Q1: 7,Q2: 6,Q3: 4,Q4: 2,Top10: 7
346,Country: Sweden,Year: 2005,Num of Systems: 10,RMax: 8,RPeak: 9,Total Cores: 9,GDPpC: 2,HDI: 2,Q1: 5,Q2: 5,Q3: 6,Q4: 7,Top10: 5
347,Country: Saudi Arabia,Year: 2005,Num of Systems: 5,RMax: 6,RPeak: 5,Total Cores: 5,GDPpC: 7,HDI: 7,Q1: 10,Q2: 10,Q3: 10,Q4: 10,Top10: 10
348,Country: New Zealand,Year: 2005,Num of Systems: 5,RMax: 6,RPeak: 6,Total Cores: 6,GDPpC: 6,HDI: 5,Q1: 9,Q2: 8,Q3: 9,Q4: 9,Top10: 8
349,Country: India,Year: 2005,Num of Systems: 5,RMax: 6,RPeak: 6,Total Cores: 6,GDPpC: 10,HDI: 10,Q1: 5,Q2: 4,Q3: 3,Q4: 3,Top10: 6
350,Country: Israel,Year: 2005,Num of Systems: 3,RMax: 4,RPeak: 4,Total Cores: 4,GDPpC: 7,HDI: 6,Q1: 7,Q2: 7,Q3: 7,Q4: 8,Top10: 6
351,Country: Brazil,Year: 2005,Num of Systems: 4,RMax: 5,RPeak: 5,Total Cores: 6,GDPpC: 9,HDI: 9,Q1: 6,Q2: 5,Q3: 5,Q4: 5,Top10: 7
352,Country: Italy,Year: 2005,Num of Systems: 4,RMax: 5,RPeak: 6,Total Cores: 5,GDPpC: 6,HDI: 6,Q1: 3,Q2: 3,Q3: 4,Q4: 3,Top10: 3
353,Country: Denmark,Year: 2005,Num of Systems: 10,RMax: 9,RPeak: 9,Total Cores: 8,GDPpC: 2,HDI: 2,Q1: 7,Q2: 7,Q3: 8,Q4: 8,Top10: 7
354,Country: Ireland,Year: 2005,Num of Systems: 8,RMax: 7,RPeak: 8,Total Cores: 7,GDPpC: 1,HDI: 3,Q1: 9,Q2: 9,Q3: 9,Q4: 8,Top10: 9
355,Country: Taiwan,Year: 2005,Num of Systems: 7,RMax: 7,RPeak: 7,Total Cores: 7,,,Q1: 6,Q2: 6,Q3: 6,Q4: 6,Top10: 5
356,Country: Belgium,Year: 2005,Num of Systems: 7,RMax: 8,RPeak: 7,Total Cores: 8,GDPpC: 4,HDI: 5,Q1: 6,Q2: 7,Q3: 7,Q4: 6,Top10: 6
357,Country: Belarus,Year: 2005,Num of Systems: 10,RMax: 9,RPeak: 10,Total Cores: 10,GDPpC: 9,HDI: 9,Q1: 10,Q2: 10,Q3: 10,Q4: 10,Top10: 10
358,Country: Mexico,Year: 2005,Num of Systems: 6,RMax: 7,RPeak: 7,Total Cores: 7,GDPpC: 8,HDI: 8,Q1: 8,Q2: 8,Q3: 7,Q4: 7,Top10: 9
359,Country: Norway,Year: 2005,Num of Systems: 7,RMax: 9,RPeak: 8,Total Cores: 8,GDPpC: 1,HDI: 1,Q1: 8,Q2: 9,Q3: 8,Q4: 9,Top10: 8
360,Country: Bulgaria,Year: 2005,Num of Systems: 9,RMax: 10,RPeak: 9,Total Cores: 9,GDPpC: 9,HDI: 8,Q1: 10,Q2: 10,Q3: 10,Q4: 10,Top10: 10
361,Country: Indonesia,Year: 2005,Num of Systems: 9,RMax: 10,RPeak: 10,Total Cores: 10,GDPpC: 10,HDI: 10,Q1: 10,Q2: 10,Q3: 10,Q4: 10,Top10: 10
362,Country: South Africa,Year: 2005,Num of Systems: 9,RMax: 10,RPeak: 10,Total Cores: 10,GDPpC: 8,HDI: 10,Q1: 9,Q2: 9,Q3: 9,Q4: 9,Top10: 9
363,Country: Finland,Year: 2005,Num of Systems: 8,RMax: 10,RPeak: 10,Total Cores: 10,GDPpC: 3,HDI: 3,Q1: 8,Q2: 8,Q3: 8,Q4: 7,Top10: 8
364,Country: United States,Year: 2006,Num of Systems: 1,RMax: 1,RPeak: 1,Total Cores: 1,GDPpC: 2,HDI: 3,Q1: 1,Q2: 1,Q3: 1,Q4: 1,Top10: 1
365,Country: Spain,Year: 2006,Num of Systems: 3,RMax: 2,RPeak: 2,Total Cores: 3,GDPpC: 7,HDI: 7,Q1: 3,Q2: 4,Q3: 4,Q4: 4,Top10: 3
366,Country: France,Year: 2006,Num of Systems: 2,RMax: 2,RPeak: 2,Total Cores: 2,GDPpC: 5,HDI: 6,Q1: 2,Q2: 2,Q3: 2,Q4: 2,Top10: 2
367,Country: Japan,Year: 2006,Num of Systems: 1,RMax: 1,RPeak: 1,Total Cores: 1,GDPpC: 6,HDI: 5,Q1: 1,Q2: 1,Q3: 1,Q4: 1,Top10: 1
368,Country: Germany,Year: 2006,Num of Systems: 2,RMax: 1,RPeak: 1,Total Cores: 1,GDPpC: 5,HDI: 2,Q1: 1,Q2: 2,Q3: 1,Q4: 1,Top10: 1
369,Country: United Kingdom,Year: 2006,Num of Systems: 1,RMax: 1,RPeak: 1,Total Cores: 1,GDPpC: 3,HDI: 5,Q1: 1,Q2: 1,Q3: 2,Q4: 2,Top10: 1
370,Country: Netherlands,Year: 2006,Num of Systems: 8,RMax: 4,RPeak: 4,Total Cores: 3,GDPpC: 3,HDI: 4,Q1: 4,Q2: 5,Q3: 6,Q4: 5,Top10: 3
371,Country: Switzerland,Year: 2006,Num of Systems: 4,RMax: 3,RPeak: 4,Total Cores: 2,GDPpC: 1,HDI: 1,Q1: 5,Q2: 6,Q3: 6,Q4: 6,Top10: 4
372,Country: South Korea,Year: 2006,Num of Systems: 4,RMax: 4,RPeak: 4,Total Cores: 4,GDPpC: 8,HDI: 7,Q1: 4,Q2: 4,Q3: 2,Q4: 3,Top10: 4
373,Country: Italy,Year: 2006,Num of Systems: 3,RMax: 3,RPeak: 3,Total Cores: 3,GDPpC: 6,HDI: 7,Q1: 3,Q2: 3,Q3: 3,Q4: 3,Top10: 3
374,Country: China,Year: 2006,Num of Systems: 1,RMax: 2,RPeak: 2,Total Cores: 2,GDPpC: 10,HDI: 10,Q1: 2,Q2: 1,Q3: 1,Q4: 1,Top10: 2
375,Country: Australia,Year: 2006,Num of Systems: 5,RMax: 5,RPeak: 5,Total Cores: 5,GDPpC: 5,HDI: 1,Q1: 3,Q2: 3,Q3: 5,Q4: 5,Top10: 4
376,Country: Finland,Year: 2006,Num of Systems: 10,RMax: 7,RPeak: 7,Total Cores: 8,GDPpC: 4,HDI: 3,Q1: 8,Q2: 8,Q3: 8,Q4: 8,Top10: 7
377,Country: Norway,Year: 2006,Num of Systems: 6,RMax: 5,RPeak: 5,Total Cores: 6,GDPpC: 1,HDI: 1,Q1: 8,Q2: 9,Q3: 8,Q4: 9,Top10: 8
378,Country: Canada,Year: 2006,Num of Systems: 3,RMax: 3,RPeak: 3,Total Cores: 4,GDPpC: 4,HDI: 4,Q1: 2,Q2: 2,Q3: 3,Q4: 4,Top10: 2
379,Country: Russian Federation,Year: 2006,Num of Systems: 7,RMax: 6,RPeak: 7,Total Cores: 7,GDPpC: 9,HDI: 8,Q1: 7,Q2: 6,Q3: 4,Q4: 2,Top10: 7
380,Country: Malaysia,Year: 2006,Num of Systems: 5,RMax: 6,RPeak: 6,Total Cores: 6,GDPpC: 9,HDI: 9,Q1: 10,Q2: 10,Q3: 10,Q4: 9,Top10: 10
381,Country: Mexico,Year: 2006,Num of Systems: 10,RMax: 8,RPeak: 9,Total Cores: 8,GDPpC: 8,HDI: 9,Q1: 9,Q2: 8,Q3: 7,Q4: 6,Top10: 9
382,Country: Sweden,Year: 2006,Num of Systems: 10,RMax: 9,RPeak: 9,Total Cores: 10,GDPpC: 2,HDI: 3,Q1: 5,Q2: 6,Q3: 6,Q4: 7,Top10: 5
383,Country: United Arab Emirates,Year: 2006,Num of Systems: 10,RMax: 9,RPeak: 10,Total Cores: 7,GDPpC: 3,HDI: 8,Q1: 10,Q2: 10,Q3: 10,Q4: 10,Top10: 10
384,Country: Belgium,Year: 2006,Num of Systems: 9,RMax: 9,RPeak: 8,Total Cores: 9,GDPpC: 4,HDI: 4,Q1: 6,Q2: 7,Q3: 7,Q4: 7,Top10: 6
385,Country: India,Year: 2006,Num of Systems: 2,RMax: 4,RPeak: 3,Total Cores: 4,GDPpC: 10,HDI: 10,Q1: 4,Q2: 3,Q3: 3,Q4: 3,Top10: 5
386,Country: Saudi Arabia,Year: 2006,Num of Systems: 5,RMax: 6,RPeak: 6,Total Cores: 5,GDPpC: 8,HDI: 8,Q1: 10,Q2: 10,Q3: 10,Q4: 10,Top10: 10
387,Country: Israel,Year: 2006,Num of Systems: 7,RMax: 7,RPeak: 6,Total Cores: 7,GDPpC: 7,HDI: 6,Q1: 6,Q2: 7,Q3: 7,Q4: 7,Top10: 6
388,Country: New Zealand,Year: 2006,Num of Systems: 9,RMax: 10,RPeak: 9,Total Cores: 10,GDPpC: 7,HDI: 5,Q1: 9,Q2: 8,Q3: 9,Q4: 10,Top10: 9
389,Country: Brazil,Year: 2006,Num of Systems: 4,RMax: 5,RPeak: 5,Total Cores: 5,GDPpC: 10,HDI: 9,Q1: 6,Q2: 4,Q3: 4,Q4: 4,Top10: 6
390,Country: Singapore,Year: 2006,Num of Systems: 7,RMax: 7,RPeak: 8,Total Cores: 9,GDPpC: 6,HDI: 6,Q1: 8,Q2: 9,Q3: 9,Q4: 8,Top10: 8
391,Country: Turkey,Year: 2006,Num of Systems: 9,RMax: 10,RPeak: 10,Total Cores: 10,GDPpC: 9,HDI: 10,Q1: 7,Q2: 5,Q3: 5,Q4: 6,Top10: 8
392,Country: Ireland,Year: 2006,Num of Systems: 8,RMax: 10,RPeak: 10,Total Cores: 10,GDPpC: 1,HDI: 2,Q1: 9,Q2: 10,Q3: 10,Q4: 10,Top10: 9
393,Country: South Africa,Year: 2006,Num of Systems: 6,RMax: 8,RPeak: 7,Total Cores: 6,GDPpC: 10,HDI: 10,Q1: 10,Q2: 9,Q3: 9,Q4: 8,Top10: 10
394,Country: Denmark,Year: 2006,Num of Systems: 8,RMax: 10,RPeak: 10,Total Cores: 9,GDPpC: 2,HDI: 2,Q1: 7,Q2: 7,Q3: 8,Q4: 9,Top10: 7
395,Country: Taiwan,Year: 2006,Num of Systems: 6,RMax: 8,RPeak: 8,Total Cores: 8,,,Q1: 5,Q2: 5,Q3: 5,Q4: 5,Top10: 5
396,Country: United States,Year: 2007,Num of Systems: 1,RMax: 1,RPeak: 1,Total Cores: 1,GDPpC: 3,HDI: 2,Q1: 1,Q2: 1,Q3: 1,Q4: 1,Top10: 1
397,Country: Germany,Year: 2007,Num of Systems: 1,RMax: 1,RPeak: 1,Total Cores: 1,GDPpC: 4,HDI: 2,Q1: 1,Q2: 2,Q3: 2,Q4: 1,Top10: 1
398,Country: India,Year: 2007,Num of Systems: 3,RMax: 2,RPeak: 2,Total Cores: 2,GDPpC: 10,HDI: 10,Q1: 5,Q2: 3,Q3: 3,Q4: 3,Top10: 5
399,Country: Sweden,Year: 2007,Num of Systems: 4,RMax: 3,RPeak: 3,Total Cores: 3,GDPpC: 2,HDI: 2,Q1: 5,Q2: 6,Q3: 7,Q4: 7,Top10: 5
400,Country: Spain,Year: 2007,Num of Systems: 3,RMax: 3,RPeak: 3,Total Cores: 3,GDPpC: 7,HDI: 7,Q1: 3,Q2: 4,Q3: 4,Q4: 4,Top10: 3
401,Country: Japan,Year: 2007,Num of Systems: 2,RMax: 2,RPeak: 2,Total Cores: 2,GDPpC: 6,HDI: 6,Q1: 2,Q2: 2,Q3: 1,Q4: 2,Top10: 2
402,Country: United Kingdom,Year: 2007,Num of Systems: 1,RMax: 1,RPeak: 1,Total Cores: 1,GDPpC: 3,HDI: 5,Q1: 1,Q2: 1,Q3: 2,Q4: 3,Top10: 1
403,Country: France,Year: 2007,Num of Systems: 2,RMax: 2,RPeak: 2,Total Cores: 2,GDPpC: 5,HDI: 6,Q1: 2,Q2: 3,Q3: 2,Q4: 2,Top10: 2
404,Country: Russian Federation,Year: 2007,Num of Systems: 4,RMax: 4,RPeak: 4,Total Cores: 5,GDPpC: 8,HDI: 8,Q1: 8,Q2: 7,Q3: 5,Q4: 2,Top10: 7
405,Country: Netherlands,Year: 2007,Num of Systems: 5,RMax: 5,RPeak: 5,Total Cores: 4,GDPpC: 2,HDI: 3,Q1: 4,Q2: 5,Q3: 6,Q4: 6,Top10: 4
406,Country: Italy,Year: 2007,Num of Systems: 5,RMax: 5,RPeak: 3,Total Cores: 3,GDPpC: 6,HDI: 7,Q1: 3,Q2: 3,Q3: 3,Q4: 3,Top10: 3
407,Country: Taiwan,Year: 2007,Num of Systems: 2,RMax: 3,RPeak: 4,Total Cores: 5,,,Q1: 6,Q2: 6,Q3: 6,Q4: 6,Top10: 6
408,Country: Switzerland,Year: 2007,Num of Systems: 4,RMax: 4,RPeak: 5,Total Cores: 4,GDPpC: 1,HDI: 1,Q1: 5,Q2: 7,Q3: 7,Q4: 7,Top10: 4
409,Country: China,Year: 2007,Num of Systems: 3,RMax: 4,RPeak: 4,Total Cores: 4,GDPpC: 9,HDI: 9,Q1: 2,Q2: 1,Q3: 1,Q4: 1,Top10: 2
410,Country: South Korea,Year: 2007,Num of Systems: 10,RMax: 7,RPeak: 7,Total Cores: 10,GDPpC: 7,HDI: 7,Q1: 4,Q2: 4,Q3: 3,Q4: 4,Top10: 5
411,Country: Norway,Year: 2007,Num of Systems: 6,RMax: 6,RPeak: 5,Total Cores: 6,GDPpC: 1,HDI: 1,Q1: 8,Q2: 9,Q3: 8,Q4: 8,Top10: 9
412,Country: Malaysia,Year: 2007,Num of Systems: 6,RMax: 6,RPeak: 6,Total Cores: 6,GDPpC: 9,HDI: 8,Q1: 10,Q2: 10,Q3: 10,Q4: 9,Top10: 10
413,Country: Egypt,Year: 2007,Num of Systems: 10,RMax: 7,RPeak: 7,Total Cores: 8,GDPpC: 10,HDI: 10,Q1: 9,Q2: 9,Q3: 9,Q4: 9,Top10: 9
414,Country: Finland,Year: 2007,Num of Systems: 6,RMax: 5,RPeak: 6,Total Cores: 5,GDPpC: 3,HDI: 3,Q1: 8,Q2: 8,Q3: 8,Q4: 8,Top10: 7
415,Country: New Zealand,Year: 2007,Num of Systems: 10,RMax: 8,RPeak: 10,Total Cores: 7,GDPpC: 7,HDI: 4,Q1: 9,Q2: 8,Q3: 9,Q4: 10,Top10: 9
416,Country: Australia,Year: 2007,Num of Systems: 9,RMax: 8,RPeak: 10,Total Cores: 8,GDPpC: 5,HDI: 1,Q1: 4,Q2: 4,Q3: 5,Q4: 5,Top10: 4
417,Country: Indonesia,Year: 2007,Num of Systems: 9,RMax: 8,RPeak: 9,Total Cores: 8,GDPpC: 10,HDI: 10,Q1: 10,Q2: 10,Q3: 10,Q4: 10,Top10: 10
418,Country: Luxembourg,Year: 2007,Num of Systems: 9,RMax: 9,RPeak: 8,Total Cores: 9,GDPpC: 1,HDI: 5,Q1: 10,Q2: 10,Q3: 10,Q4: 10,Top10: 10
419,Country: Turkey,Year: 2007,Num of Systems: 7,RMax: 7,RPeak: 7,Total Cores: 7,GDPpC: 8,HDI: 9,Q1: 7,Q2: 5,Q3: 6,Q4: 6,Top10: 8
420,Country: Singapore,Year: 2007,Num of Systems: 8,RMax: 9,RPeak: 9,Total Cores: 9,GDPpC: 6,HDI: 6,Q1: 9,Q2: 9,Q3: 9,Q4: 8,Top10: 8
421,Country: Belgium,Year: 2007,Num of Systems: 8,RMax: 9,RPeak: 9,Total Cores: 10,GDPpC: 4,HDI: 4,Q1: 6,Q2: 7,Q3: 7,Q4: 7,Top10: 6
422,Country: Canada,Year: 2007,Num of Systems: 5,RMax: 6,RPeak: 6,Total Cores: 6,GDPpC: 4,HDI: 4,Q1: 3,Q2: 2,Q3: 4,Q4: 4,Top10: 3
423,Country: Poland,Year: 2007,Num of Systems: 8,RMax: 10,RPeak: 8,Total Cores: 9,GDPpC: 8,HDI: 8,Q1: 7,Q2: 6,Q3: 5,Q4: 5,Top10: 8
424,Country: Brazil,Year: 2007,Num of Systems: 7,RMax: 10,RPeak: 10,Total Cores: 10,GDPpC: 9,HDI: 9,Q1: 6,Q2: 5,Q3: 4,Q4: 5,Top10: 6
425,Country: Denmark,Year: 2007,Num of Systems: 7,RMax: 10,RPeak: 8,Total Cores: 7,GDPpC: 2,HDI: 3,Q1: 7,Q2: 8,Q3: 8,Q4: 9,Top10: 7
426,Country: United States,Year: 2008,Num of Systems: 1,RMax: 1,RPeak: 1,Total Cores: 1,GDPpC: 4,HDI: 2,Q1: 1,Q2: 1,Q3: 1,Q4: 1,Top10: 1
427,Country: China,Year: 2008,Num of Systems: 2,RMax: 2,RPeak: 2,Total Cores: 2,GDPpC: 10,HDI: 10,Q1: 1,Q2: 1,Q3: 1,Q4: 1,Top10: 2
428,Country: Germany,Year: 2008,Num of Systems: 2,RMax: 2,RPeak: 2,Total Cores: 1,GDPpC: 5,HDI: 2,Q1: 2,Q2: 2,Q3: 2,Q4: 1,Top10: 1
429,Country: India,Year: 2008,Num of Systems: 4,RMax: 3,RPeak: 3,Total Cores: 3,GDPpC: 10,HDI: 10,Q1: 5,Q2: 3,Q3: 3,Q4: 3,Top10: 5
430,Country: France,Year: 2008,Num of Systems: 1,RMax: 1,RPeak: 1,Total Cores: 1,GDPpC: 5,HDI: 6,Q1: 2,Q2: 3,Q3: 2,Q4: 2,Top10: 2
431,Country: Sweden,Year: 2008,Num of Systems: 3,RMax: 3,RPeak: 3,Total Cores: 3,GDPpC: 2,HDI: 4,Q1: 6,Q2: 6,Q3: 7,Q4: 7,Top10: 6
432,Country: United Kingdom,Year: 2008,Num of Systems: 1,RMax: 1,RPeak: 1,Total Cores: 2,GDPpC: 4,HDI: 5,Q1: 1,Q2: 1,Q3: 2,Q4: 3,Top10: 1
433,Country: Japan,Year: 2008,Num of Systems: 2,RMax: 2,RPeak: 2,Total Cores: 2,GDPpC: 6,HDI: 5,Q1: 2,Q2: 2,Q3: 1,Q4: 2,Top10: 2
434,Country: Finland,Year: 2008,Num of Systems: 10,RMax: 6,RPeak: 6,Total Cores: 6,GDPpC: 3,HDI: 3,Q1: 8,Q2: 8,Q3: 9,Q4: 9,Top10: 7
435,Country: Russian Federation,Year: 2008,Num of Systems: 3,RMax: 3,RPeak: 4,Total Cores: 4,GDPpC: 8,HDI: 8,Q1: 8,Q2: 7,Q3: 5,Q4: 2,Top10: 8
436,Country: Spain,Year: 2008,Num of Systems: 4,RMax: 4,RPeak: 4,Total Cores: 4,GDPpC: 6,HDI: 7,Q1: 3,Q2: 4,Q3: 4,Q4: 4,Top10: 3
437,Country: Netherlands,Year: 2008,Num of Systems: 6,RMax: 5,RPeak: 5,Total Cores: 4,GDPpC: 2,HDI: 3,Q1: 4,Q2: 5,Q3: 6,Q4: 6,Top10: 4
438,Country: Canada,Year: 2008,Num of Systems: 7,RMax: 6,RPeak: 6,Total Cores: 7,GDPpC: 4,HDI: 4,Q1: 3,Q2: 2,Q3: 3,Q4: 4,Top10: 3
439,Country: Norway,Year: 2008,Num of Systems: 7,RMax: 6,RPeak: 5,Total Cores: 6,GDPpC: 1,HDI: 1,Q1: 8,Q2: 9,Q3: 9,Q4: 9,Top10: 8
440,Country: Poland,Year: 2008,Num of Systems: 4,RMax: 4,RPeak: 5,Total Cores: 5,GDPpC: 8,HDI: 8,Q1: 7,Q2: 6,Q3: 5,Q4: 4,Top10: 8
441,Country: Slovenia,Year: 2008,Num of Systems: 10,RMax: 7,RPeak: 8,Total Cores: 9,GDPpC: 7,HDI: 6,Q1: 10,Q2: 10,Q3: 10,Q4: 10,Top10: 10
442,Country: Switzerland,Year: 2008,Num of Systems: 5,RMax: 5,RPeak: 6,Total Cores: 5,GDPpC: 1,HDI: 1,Q1: 5,Q2: 6,Q3: 6,Q4: 6,Top10: 4
443,Country: New Zealand,Year: 2008,Num of Systems: 5,RMax: 5,RPeak: 4,Total Cores: 5,GDPpC: 6,HDI: 5,Q1: 9,Q2: 9,Q3: 9,Q4: 10,Top10: 9
444,Country: Ireland,Year: 2008,Num of Systems: 10,RMax: 8,RPeak: 9,Total Cores: 10,GDPpC: 2,HDI: 3,Q1: 9,Q2: 10,Q3: 10,Q4: 10,Top10: 9
445,Country: Israel,Year: 2008,Num of Systems: 10,RMax: 9,RPeak: 7,Total Cores: 8,GDPpC: 7,HDI: 6,Q1: 7,Q2: 7,Q3: 8,Q4: 8,Top10: 7
446,Country: Bulgaria,Year: 2008,Num of Systems: 9,RMax: 9,RPeak: 10,Total Cores: 7,GDPpC: 9,HDI: 8,Q1: 10,Q2: 10,Q3: 10,Q4: 10,Top10: 10
447,Country: South Africa,Year: 2008,Num of Systems: 9,RMax: 9,RPeak: 10,Total Cores: 6,GDPpC: 10,HDI: 10,Q1: 10,Q2: 9,Q3: 8,Q4: 8,Top10: 10
448,Country: Belgium,Year: 2008,Num of Systems: 7,RMax: 7,RPeak: 7,Total Cores: 7,GDPpC: 3,HDI: 4,Q1: 6,Q2: 7,Q3: 7,Q4: 7,Top10: 6
449,Country: Australia,Year: 2008,Num of Systems: 9,RMax: 10,RPeak: 9,Total Cores: 9,GDPpC: 3,HDI: 1,Q1: 4,Q2: 4,Q3: 5,Q4: 5,Top10: 4
450,Country: Malaysia,Year: 2008,Num of Systems: 8,RMax: 10,RPeak: 9,Total Cores: 9,GDPpC: 9,HDI: 9,Q1: 10,Q2: 10,Q3: 10,Q4: 8,Top10: 10
451,Country: Italy,Year: 2008,Num of Systems: 3,RMax: 4,RPeak: 3,Total Cores: 3,GDPpC: 5,HDI: 7,Q1: 3,Q2: 3,Q3: 3,Q4: 3,Top10: 3
452,Country: Taiwan,Year: 2008,Num of Systems: 6,RMax: 8,RPeak: 8,Total Cores: 10,,,Q1: 5,Q2: 5,Q3: 6,Q4: 6,Top10: 5
453,Country: Mexico,Year: 2008,Num of Systems: 8,RMax: 10,RPeak: 10,Total Cores: 10,GDPpC: 8,HDI: 9,Q1: 9,Q2: 8,Q3: 7,Q4: 7,Top10: 9
454,Country: South Korea,Year: 2008,Num of Systems: 8,RMax: 10,RPeak: 10,Total Cores: 10,GDPpC: 7,HDI: 7,Q1: 4,Q2: 4,Q3: 4,Q4: 5,Top10: 5
455,Country: Brazil,Year: 2008,Num of Systems: 6,RMax: 8,RPeak: 8,Total Cores: 8,GDPpC: 9,HDI: 9,Q1: 6,Q2: 5,Q3: 4,Q4: 5,Top10: 6
456,Country: Denmark,Year: 2008,Num of Systems: 5,RMax: 7,RPeak: 7,Total Cores: 8,GDPpC: 1,HDI: 2,Q1: 7,Q2: 8,Q3: 8,Q4: 9,Top10: 7
457,Country: United States,Year: 2009,Num of Systems: 1,RMax: 1,RPeak: 1,Total Cores: 1,GDPpC: 2,HDI: 2,Q1: 1,Q2: 1,Q3: 1,Q4: 1,Top10: 1
458,Country: Germany,Year: 2009,Num of Systems: 1,RMax: 1,RPeak: 1,Total Cores: 1,GDPpC: 4,HDI: 1,Q1: 1,Q2: 2,Q3: 1,Q4: 1,Top10: 1
459,Country: China,Year: 2009,Num of Systems: 2,RMax: 1,RPeak: 1,Total Cores: 2,GDPpC: 10,HDI: 10,Q1: 1,Q2: 1,Q3: 1,Q4: 1,Top10: 1
460,Country: Russian Federation,Year: 2009,Num of Systems: 3,RMax: 2,RPeak: 2,Total Cores: 2,GDPpC: 9,HDI: 9,Q1: 7,Q2: 6,Q3: 5,Q4: 2,Top10: 8
461,Country: South Korea,Year: 2009,Num of Systems: 7,RMax: 4,RPeak: 4,Total Cores: 5,GDPpC: 8,HDI: 7,Q1: 4,Q2: 4,Q3: 4,Q4: 5,Top10: 4
462,Country: Saudi Arabia,Year: 2009,Num of Systems: 5,RMax: 3,RPeak: 4,Total Cores: 3,GDPpC: 8,HDI: 8,Q1: 10,Q2: 10,Q3: 10,Q4: 10,Top10: 10
463,Country: United Kingdom,Year: 2009,Num of Systems: 1,RMax: 1,RPeak: 1,Total Cores: 1,GDPpC: 5,HDI: 4,Q1: 1,Q2: 1,Q3: 2,Q4: 2,Top10: 1
464,Country: Switzerland,Year: 2009,Num of Systems: 5,RMax: 3,RPeak: 4,Total Cores: 3,GDPpC: 1,HDI: 1,Q1: 5,Q2: 6,Q3: 6,Q4: 6,Top10: 4
465,Country: Canada,Year: 2009,Num of Systems: 2,RMax: 3,RPeak: 3,Total Cores: 3,GDPpC: 5,HDI: 4,Q1: 2,Q2: 2,Q3: 3,Q4: 4,Top10: 2
466,Country: India,Year: 2009,Num of Systems: 6,RMax: 6,RPeak: 5,Total Cores: 5,GDPpC: 10,HDI: 10,Q1: 4,Q2: 3,Q3: 2,Q4: 3,Top10: 5
467,Country: France,Year: 2009,Num of Systems: 1,RMax: 2,RPeak: 2,Total Cores: 1,GDPpC: 4,HDI: 7,Q1: 2,Q2: 2,Q3: 2,Q4: 2,Top10: 2
468,Country: Japan,Year: 2009,Num of Systems: 2,RMax: 2,RPeak: 2,Total Cores: 2,GDPpC: 4,HDI: 6,Q1: 2,Q2: 1,Q3: 1,Q4: 1,Top10: 2
469,Country: Sweden,Year: 2009,Num of Systems: 4,RMax: 4,RPeak: 3,Total Cores: 4,GDPpC: 3,HDI: 3,Q1: 5,Q2: 5,Q3: 6,Q4: 7,Top10: 5
470,Country: Italy,Year: 2009,Num of Systems: 4,RMax: 5,RPeak: 5,Total Cores: 6,GDPpC: 6,HDI: 7,Q1: 3,Q2: 3,Q3: 4,Q4: 3,Top10: 3
471,Country: Finland,Year: 2009,Num of Systems: 7,RMax: 6,RPeak: 6,Total Cores: 6,GDPpC: 2,HDI: 3,Q1: 7,Q2: 7,Q3: 8,Q4: 8,Top10: 7
472,Country: Brazil,Year: 2009,Num of Systems: 10,RMax: 7,RPeak: 8,Total Cores: 8,GDPpC: 9,HDI: 10,Q1: 5,Q2: 4,Q3: 3,Q4: 4,Top10: 6
473,Country: Spain,Year: 2009,Num of Systems: 4,RMax: 5,RPeak: 5,Total Cores: 4,GDPpC: 6,HDI: 8,Q1: 3,Q2: 4,Q3: 3,Q4: 3,Top10: 3
474,Country: Netherlands,Year: 2009,Num of Systems: 6,RMax: 6,RPeak: 6,Total Cores: 6,GDPpC: 1,HDI: 2,Q1: 4,Q2: 5,Q3: 5,Q4: 5,Top10: 4
475,Country: Norway,Year: 2009,Num of Systems: 7,RMax: 7,RPeak: 7,Total Cores: 7,GDPpC: 1,HDI: 1,Q1: 8,Q2: 8,Q3: 7,Q4: 8,Top10: 8
476,Country: Austria,Year: 2009,Num of Systems: 3,RMax: 5,RPeak: 6,Total Cores: 5,GDPpC: 2,HDI: 5,Q1: 7,Q2: 7,Q3: 7,Q4: 6,Top10: 6
477,Country: Poland,Year: 2009,Num of Systems: 5,RMax: 7,RPeak: 7,Total Cores: 7,GDPpC: 8,HDI: 8,Q1: 6,Q2: 5,Q3: 5,Q4: 4,Top10: 8
478,Country: Slovenia,Year: 2009,Num of Systems: 10,RMax: 8,RPeak: 8,Total Cores: 9,GDPpC: 7,HDI: 6,Q1: 10,Q2: 10,Q3: 10,Q4: 10,Top10: 10
479,Country: Hong Kong,Year: 2009,Num of Systems: 10,RMax: 8,RPeak: 8,Total Cores: 8,GDPpC: 6,HDI: 5,Q1: 8,Q2: 8,Q3: 9,Q4: 9,Top10: 7
480,Country: New Zealand,Year: 2009,Num of Systems: 3,RMax: 4,RPeak: 3,Total Cores: 4,GDPpC: 7,HDI: 4,Q1: 9,Q2: 9,Q3: 9,Q4: 9,Top10: 9
481,Country: South Africa,Year: 2009,Num of Systems: 10,RMax: 9,RPeak: 10,Total Cores: 10,GDPpC: 10,HDI: 10,Q1: 9,Q2: 8,Q3: 8,Q4: 7,Top10: 9
482,Country: Ireland,Year: 2009,Num of Systems: 9,RMax: 9,RPeak: 10,Total Cores: 10,GDPpC: 1,HDI: 2,Q1: 9,Q2: 9,Q3: 10,Q4: 10,Top10: 9
483,Country: Israel,Year: 2009,Num of Systems: 6,RMax: 8,RPeak: 7,Total Cores: 7,GDPpC: 7,HDI: 6,Q1: 6,Q2: 7,Q3: 7,Q4: 8,Top10: 6
484,Country: Bulgaria,Year: 2009,Num of Systems: 9,RMax: 9,RPeak: 10,Total Cores: 8,GDPpC: 10,HDI: 9,Q1: 10,Q2: 10,Q3: 10,Q4: 10,Top10: 10
485,Country: Singapore,Year: 2009,Num of Systems: 9,RMax: 10,RPeak: 10,Total Cores: 10,GDPpC: 5,HDI: 5,Q1: 8,Q2: 9,Q3: 9,Q4: 9,Top10: 7
486,Country: Belgium,Year: 2009,Num of Systems: 8,RMax: 10,RPeak: 9,Total Cores: 10,GDPpC: 3,HDI: 3,Q1: 6,Q2: 6,Q3: 6,Q4: 6,Top10: 5
487,Country: Australia,Year: 2009,Num of Systems: 8,RMax: 10,RPeak: 9,Total Cores: 9,GDPpC: 3,HDI: 1,Q1: 3,Q2: 3,Q3: 4,Q4: 5,Top10: 3
488,Country: Malaysia,Year: 2009,Num of Systems: 8,RMax: 10,RPeak: 9,Total Cores: 9,GDPpC: 9,HDI: 9,Q1: 10,Q2: 10,Q3: 8,Q4: 7,Top10: 10
489,Country: China,Year: 2010,Num of Systems: 1,RMax: 1,RPeak: 1,Total Cores: 1,GDPpC: 10,HDI: 10,Q1: 1,Q2: 1,Q3: 1,Q4: 1,Top10: 1
490,Country: United States,Year: 2010,Num of Systems: 1,RMax: 1,RPeak: 1,Total Cores: 1,GDPpC: 3,HDI: 2,Q1: 1,Q2: 1,Q3: 1,Q4: 1,Top10: 1
491,Country: Japan,Year: 2010,Num of Systems: 2,RMax: 1,RPeak: 1,Total Cores: 2,GDPpC: 5,HDI: 7,Q1: 2,Q2: 2,Q3: 1,Q4: 2,Top10: 2
492,Country: France,Year: 2010,Num of Systems: 2,RMax: 2,RPeak: 2,Total Cores: 2,GDPpC: 6,HDI: 8,Q1: 2,Q2: 3,Q3: 3,Q4: 2,Top10: 2
493,Country: Germany,Year: 2010,Num of Systems: 1,RMax: 2,RPeak: 2,Total Cores: 1,GDPpC: 6,HDI: 2,Q1: 2,Q2: 2,Q3: 2,Q4: 1,Top10: 2
494,Country: Russian Federation,Year: 2010,Num of Systems: 3,RMax: 3,RPeak: 3,Total Cores: 3,GDPpC: 10,HDI: 9,Q1: 9,Q2: 7,Q3: 5,Q4: 2,Top10: 9
495,Country: South Korea,Year: 2010,Num of Systems: 7,RMax: 3,RPeak: 3,Total Cores: 3,GDPpC: 8,HDI: 7,Q1: 4,Q2: 4,Q3: 3,Q4: 6,Top10: 4
496,Country: United Kingdom,Year: 2010,Num of Systems: 2,RMax: 2,RPeak: 2,Total Cores: 2,GDPpC: 6,HDI: 4,Q1: 1,Q2: 1,Q3: 2,Q4: 3,Top10: 1
497,Country: Brazil,Year: 2010,Num of Systems: 9,RMax: 6,RPeak: 6,Total Cores: 5,GDPpC: 9,HDI: 10,Q1: 6,Q2: 5,Q3: 3,Q4: 4,Top10: 6
498,Country: Saudi Arabia,Year: 2010,Num of Systems: 4,RMax: 3,RPeak: 4,Total Cores: 3,GDPpC: 9,HDI: 9,Q1: 10,Q2: 10,Q3: 10,Q4: 10,Top10: 10
499,Country: Switzerland,Year: 2010,Num of Systems: 6,RMax: 4,RPeak: 5,Total Cores: 4,GDPpC: 1,HDI: 1,Q1: 5,Q2: 6,Q3: 6,Q4: 6,Top10: 5
500,Country: Canada,Year: 2010,Num of Systems: 4,RMax: 4,RPeak: 3,Total Cores: 4,GDPpC: 3,HDI: 5,Q1: 3,Q2: 2,Q3: 4,Q4: 5,Top10: 3
501,Country: India,Year: 2010,Num of Systems: 6,RMax: 6,RPeak: 6,Total Cores: 7,GDPpC: 10,HDI: 10,Q1: 5,Q2: 3,Q3: 2,Q4: 3,Top10: 5
502,Country: Australia,Year: 2010,Num of Systems: 5,RMax: 5,RPeak: 4,Total Cores: 6,GDPpC: 2,HDI: 1,Q1: 4,Q2: 4,Q3: 5,Q4: 5,Top10: 4
503,Country: Sweden,Year: 2010,Num of Systems: 4,RMax: 4,RPeak: 4,Total Cores: 4,GDPpC: 2,HDI: 4,Q1: 6,Q2: 6,Q3: 7,Q4: 7,Top10: 6
504,Country: Poland,Year: 2010,Num of Systems: 3,RMax: 5,RPeak: 5,Total Cores: 5,GDPpC: 9,HDI: 9,Q1: 7,Q2: 6,Q3: 6,Q4: 4,Top10: 8
505,Country: Italy,Year: 2010,Num of Systems: 3,RMax: 6,RPeak: 6,Total Cores: 6,GDPpC: 7,HDI: 8,Q1: 3,Q2: 3,Q3: 4,Q4: 4,Top10: 3
506,Country: Finland,Year: 2010,Num of Systems: 10,RMax: 9,RPeak: 9,Total Cores: 8,GDPpC: 4,HDI: 5,Q1: 8,Q2: 8,Q3: 8,Q4: 8,Top10: 8
507,Country: Spain,Year: 2010,Num of Systems: 7,RMax: 7,RPeak: 7,Total Cores: 7,GDPpC: 8,HDI: 8,Q1: 3,Q2: 4,Q3: 4,Q4: 3,Top10: 3
508,Country: Netherlands,Year: 2010,Num of Systems: 8,RMax: 8,RPeak: 8,Total Cores: 9,GDPpC: 2,HDI: 3,Q1: 4,Q2: 5,Q3: 6,Q4: 6,Top10: 4
509,Country: Denmark,Year: 2010,Num of Systems: 8,RMax: 8,RPeak: 8,Total Cores: 8,GDPpC: 1,HDI: 2,Q1: 7,Q2: 8,Q3: 8,Q4: 9,Top10: 7
510,Country: Belgium,Year: 2010,Num of Systems: 8,RMax: 8,RPeak: 8,Total Cores: 8,GDPpC: 5,HDI: 4,Q1: 6,Q2: 7,Q3: 7,Q4: 7,Top10: 6
511,Country: Norway,Year: 2010,Num of Systems: 6,RMax: 7,RPeak: 7,Total Cores: 7,GDPpC: 1,HDI: 1,Q1: 8,Q2: 8,Q3: 8,Q4: 8,Top10: 8
512,Country: Slovenia,Year: 2010,Num of Systems: 10,RMax: 9,RPeak: 10,Total Cores: 10,GDPpC: 8,HDI: 7,Q1: 10,Q2: 10,Q3: 10,Q4: 10,Top10: 10
513,Country: Ireland,Year: 2010,Num of Systems: 10,RMax: 10,RPeak: 10,Total Cores: 10,GDPpC: 3,HDI: 3,Q1: 10,Q2: 10,Q3: 9,Q4: 9,Top10: 9
514,Country: Austria,Year: 2010,Num of Systems: 9,RMax: 10,RPeak: 10,Total Cores: 10,GDPpC: 4,HDI: 6,Q1: 7,Q2: 7,Q3: 7,Q4: 7,Top10: 7
515,Country: Singapore,Year: 2010,Num of Systems: 7,RMax: 9,RPeak: 9,Total Cores: 9,GDPpC: 4,HDI: 3,Q1: 8,Q2: 9,Q3: 9,Q4: 8,Top10: 7
516,Country: Hong Kong,Year: 2010,Num of Systems: 9,RMax: 10,RPeak: 9,Total Cores: 9,GDPpC: 7,HDI: 6,Q1: 9,Q2: 9,Q3: 9,Q4: 9,Top10: 9
517,Country: New Zealand,Year: 2010,Num of Systems: 5,RMax: 7,RPeak: 7,Total Cores: 6,GDPpC: 7,HDI: 6,Q1: 9,Q2: 9,Q3: 10,Q4: 10,Top10: 10
518,Country: Japan,Year: 2011,Num of Systems: 1,RMax: 1,RPeak: 1,Total Cores: 1,GDPpC: 5,HDI: 6,Q1: 2,Q2: 2,Q3: 1,Q4: 2,Top10: 2
519,Country: China,Year: 2011,Num of Systems: 1,RMax: 1,RPeak: 1,Total Cores: 1,GDPpC: 10,HDI: 10,Q1: 1,Q2: 1,Q3: 1,Q4: 1,Top10: 1
520,Country: United States,Year: 2011,Num of Systems: 1,RMax: 1,RPeak: 1,Total Cores: 1,GDPpC: 4,HDI: 2,Q1: 1,Q2: 1,Q3: 1,Q4: 1,Top10: 1
521,Country: France,Year: 2011,Num of Systems: 2,RMax: 2,RPeak: 2,Total Cores: 2,GDPpC: 6,HDI: 7,Q1: 2,Q2: 3,Q3: 3,Q4: 3,Top10: 2
522,Country: Germany,Year: 2011,Num of Systems: 2,RMax: 2,RPeak: 2,Total Cores: 2,GDPpC: 5,HDI: 1,Q1: 2,Q2: 2,Q3: 2,Q4: 1,Top10: 2
523,Country: Russian Federation,Year: 2011,Num of Systems: 4,RMax: 3,RPeak: 3,Total Cores: 4,GDPpC: 9,HDI: 9,Q1: 9,Q2: 7,Q3: 6,Q4: 2,Top10: 9
524,Country: United Kingdom,Year: 2011,Num of Systems: 2,RMax: 2,RPeak: 2,Total Cores: 2,GDPpC: 6,HDI: 5,Q1: 1,Q2: 1,Q3: 2,Q4: 3,Top10: 1
525,Country: South Korea,Year: 2011,Num of Systems: 7,RMax: 4,RPeak: 4,Total Cores: 3,GDPpC: 8,HDI: 7,Q1: 4,Q2: 4,Q3: 3,Q4: 6,Top10: 4
526,Country: Switzerland,Year: 2011,Num of Systems: 7,RMax: 5,RPeak: 5,Total Cores: 5,GDPpC: 1,HDI: 1,Q1: 5,Q2: 6,Q3: 7,Q4: 7,Top10: 5
527,Country: Canada,Year: 2011,Num of Systems: 3,RMax: 3,RPeak: 3,Total Cores: 3,GDPpC: 3,HDI: 4,Q1: 3,Q2: 2,Q3: 5,Q4: 5,Top10: 3
528,Country: Sweden,Year: 2011,Num of Systems: 6,RMax: 5,RPeak: 5,Total Cores: 4,GDPpC: 2,HDI: 3,Q1: 6,Q2: 7,Q3: 7,Q4: 7,Top10: 6
529,Country: Brazil,Year: 2011,Num of Systems: 9,RMax: 6,RPeak: 7,Total Cores: 6,GDPpC: 9,HDI: 9,Q1: 6,Q2: 5,Q3: 4,Q4: 4,Top10: 7
530,Country: Saudi Arabia,Year: 2011,Num of Systems: 6,RMax: 6,RPeak: 7,Total Cores: 4,GDPpC: 8,HDI: 9,Q1: 10,Q2: 10,Q3: 10,Q4: 9,Top10: 10
531,Country: Taiwan,Year: 2011,Num of Systems: 9,RMax: 7,RPeak: 7,Total Cores: 7,,,Q1: 6,Q2: 6,Q3: 6,Q4: 6,Top10: 6
532,Country: Denmark,Year: 2011,Num of Systems: 8,RMax: 7,RPeak: 8,Total Cores: 8,GDPpC: 1,HDI: 2,Q1: 7,Q2: 8,Q3: 8,Q4: 10,Top10: 7
533,Country: Austria,Year: 2011,Num of Systems: 8,RMax: 8,RPeak: 9,Total Cores: 7,GDPpC: 3,HDI: 5,Q1: 7,Q2: 8,Q3: 8,Q4: 8,Top10: 8
534,Country: Italy,Year: 2011,Num of Systems: 4,RMax: 4,RPeak: 4,Total Cores: 6,GDPpC: 7,HDI: 7,Q1: 3,Q2: 3,Q3: 4,Q4: 4,Top10: 3
535,Country: India,Year: 2011,Num of Systems: 7,RMax: 9,RPeak: 9,Total Cores: 9,GDPpC: 10,HDI: 10,Q1: 5,Q2: 4,Q3: 2,Q4: 2,Top10: 5
536,Country: Poland,Year: 2011,Num of Systems: 3,RMax: 4,RPeak: 4,Total Cores: 5,GDPpC: 9,HDI: 8,Q1: 8,Q2: 6,Q3: 6,Q4: 5,Top10: 9
537,Country: Australia,Year: 2011,Num of Systems: 4,RMax: 6,RPeak: 6,Total Cores: 7,GDPpC: 1,HDI: 1,Q1: 4,Q2: 4,Q3: 5,Q4: 6,Top10: 4
538,Country: Spain,Year: 2011,Num of Systems: 6,RMax: 7,RPeak: 6,Total Cores: 9,GDPpC: 7,HDI: 8,Q1: 4,Q2: 5,Q3: 4,Q4: 4,Top10: 4
539,Country: Israel,Year: 2011,Num of Systems: 5,RMax: 8,RPeak: 6,Total Cores: 6,GDPpC: 7,HDI: 6,Q1: 8,Q2: 9,Q3: 9,Q4: 9,Top10: 7
540,Country: Finland,Year: 2011,Num of Systems: 10,RMax: 9,RPeak: 10,Total Cores: 10,GDPpC: 4,HDI: 3,Q1: 9,Q2: 9,Q3: 9,Q4: 9,Top10: 9
541,Country: Ireland,Year: 2011,Num of Systems: 5,RMax: 9,RPeak: 8,Total Cores: 8,GDPpC: 3,HDI: 5,Q1: 10,Q2: 10,Q3: 10,Q4: 10,Top10: 10
542,Country: Belgium,Year: 2011,Num of Systems: 10,RMax: 10,RPeak: 9,Total Cores: 9,GDPpC: 5,HDI: 4,Q1: 7,Q2: 7,Q3: 7,Q4: 7,Top10: 6
543,Country: South Africa,Year: 2011,Num of Systems: 10,RMax: 10,RPeak: 10,Total Cores: 10,GDPpC: 10,HDI: 10,Q1: 10,Q2: 9,Q3: 9,Q4: 8,Top10: 10
544,Country: Singapore,Year: 2011,Num of Systems: 9,RMax: 10,RPeak: 10,Total Cores: 10,GDPpC: 2,HDI: 3,Q1: 9,Q2: 10,Q3: 10,Q4: 10,Top10: 8
545,Country: United States,Year: 2012,Num of Systems: 1,RMax: 1,RPeak: 1,Total Cores: 1,GDPpC: 3,HDI: 3,Q1: 1,Q2: 1,Q3: 1,Q4: 1,Top10: 1
546,Country: Japan,Year: 2012,Num of Systems: 1,RMax: 1,RPeak: 1,Total Cores: 1,GDPpC: 3,HDI: 5,Q1: 3,Q2: 2,Q3: 2,Q4: 2,Top10: 3
547,Country: Germany,Year: 2012,Num of Systems: 2,RMax: 2,RPeak: 2,Total Cores: 2,GDPpC: 5,HDI: 2,Q1: 2,Q2: 2,Q3: 2,Q4: 1,Top10: 2
548,Country: China,Year: 2012,Num of Systems: 1,RMax: 1,RPeak: 1,Total Cores: 1,GDPpC: 10,HDI: 10,Q1: 1,Q2: 1,Q3: 1,Q4: 1,Top10: 1
549,Country: Italy,Year: 2012,Num of Systems: 4,RMax: 3,RPeak: 3,Total Cores: 3,GDPpC: 6,HDI: 7,Q1: 3,Q2: 3,Q3: 4,Q4: 4,Top10: 3
550,Country: France,Year: 2012,Num of Systems: 2,RMax: 2,RPeak: 2,Total Cores: 2,GDPpC: 6,HDI: 7,Q1: 2,Q2: 4,Q3: 3,Q4: 3,Top10: 2
551,Country: United Kingdom,Year: 2012,Num of Systems: 2,RMax: 2,RPeak: 2,Total Cores: 2,GDPpC: 5,HDI: 5,Q1: 1,Q2: 1,Q3: 2,Q4: 3,Top10: 1
552,Country: Australia,Year: 2012,Num of Systems: 4,RMax: 3,RPeak: 4,Total Cores: 4,GDPpC: 1,HDI: 1,Q1: 4,Q2: 4,Q3: 5,Q4: 6,Top10: 4
553,Country: Russian Federation,Year: 2012,Num of Systems: 4,RMax: 4,RPeak: 3,Total Cores: 4,GDPpC: 9,HDI: 9,Q1: 9,Q2: 7,Q3: 6,Q4: 2,Top10: 9
554,Country: Spain,Year: 2012,Num of Systems: 8,RMax: 6,RPeak: 7,Total Cores: 7,GDPpC: 7,HDI: 7,Q1: 4,Q2: 5,Q3: 5,Q4: 4,Top10: 4
555,Country: Saudi Arabia,Year: 2012,Num of Systems: 7,RMax: 7,RPeak: 5,Total Cores: 5,GDPpC: 7,HDI: 9,Q1: 10,Q2: 10,Q3: 9,Q4: 9,Top10: 10
556,Country: Norway,Year: 2012,Num of Systems: 7,RMax: 6,RPeak: 7,Total Cores: 7,GDPpC: 1,HDI: 1,Q1: 9,Q2: 9,Q3: 9,Q4: 9,Top10: 9
557,Country: Canada,Year: 2012,Num of Systems: 3,RMax: 4,RPeak: 4,Total Cores: 3,GDPpC: 3,HDI: 4,Q1: 2,Q2: 3,Q3: 4,Q4: 5,Top10: 2
558,Country: South Korea,Year: 2012,Num of Systems: 6,RMax: 5,RPeak: 6,Total Cores: 4,GDPpC: 8,HDI: 6,Q1: 4,Q2: 4,Q3: 4,Q4: 5,Top10: 4
559,Country: Switzerland,Year: 2012,Num of Systems: 6,RMax: 6,RPeak: 6,Total Cores: 6,GDPpC: 1,HDI: 1,Q1: 5,Q2: 7,Q3: 7,Q4: 7,Top10: 5
560,Country: India,Year: 2012,Num of Systems: 3,RMax: 4,RPeak: 4,Total Cores: 6,GDPpC: 10,HDI: 10,Q1: 5,Q2: 2,Q3: 1,Q4: 2,Top10: 5
561,Country: Sweden,Year: 2012,Num of Systems: 5,RMax: 5,RPeak: 5,Total Cores: 5,GDPpC: 2,HDI: 3,Q1: 6,Q2: 6,Q3: 7,Q4: 8,Top10: 6
562,Country: Brazil,Year: 2012,Num of Systems: 8,RMax: 7,RPeak: 7,Total Cores: 7,GDPpC: 9,HDI: 10,Q1: 6,Q2: 5,Q3: 3,Q4: 4,Top10: 7
563,Country: Poland,Year: 2012,Num of Systems: 5,RMax: 7,RPeak: 6,Total Cores: 6,GDPpC: 9,HDI: 8,Q1: 7,Q2: 6,Q3: 6,Q4: 6,Top10: 9
564,Country: Finland,Year: 2012,Num of Systems: 7,RMax: 8,RPeak: 8,Total Cores: 8,GDPpC: 4,HDI: 3,Q1: 9,Q2: 10,Q3: 10,Q4: 10,Top10: 8
565,Country: Taiwan,Year: 2012,Num of Systems: 6,RMax: 8,RPeak: 8,Total Cores: 8,,,Q1: 6,Q2: 6,Q3: 6,Q4: 6,Top10: 6
566,Country: Denmark,Year: 2012,Num of Systems: 10,RMax: 9,RPeak: 9,Total Cores: 9,GDPpC: 2,HDI: 2,Q1: 7,Q2: 8,Q3: 10,Q4: 9,Top10: 7
567,Country: Austria,Year: 2012,Num of Systems: 10,RMax: 9,RPeak: 9,Total Cores: 9,GDPpC: 4,HDI: 5,Q1: 8,Q2: 9,Q3: 8,Q4: 8,Top10: 8
568,Country: Belgium,Year: 2012,Num of Systems: 10,RMax: 9,RPeak: 9,Total Cores: 10,GDPpC: 5,HDI: 4,Q1: 7,Q2: 7,Q3: 7,Q4: 7,Top10: 6
569,Country: Mexico,Year: 2012,Num of Systems: 9,RMax: 10,RPeak: 10,Total Cores: 10,GDPpC: 10,HDI: 9,Q1: 10,Q2: 9,Q3: 8,Q4: 7,Top10: 10
570,Country: Israel,Year: 2012,Num of Systems: 9,RMax: 10,RPeak: 10,Total Cores: 9,GDPpC: 7,HDI: 6,Q1: 8,Q2: 8,Q3: 9,Q4: 10,Top10: 7
571,Country: Slovakia,Year: 2012,Num of Systems: 9,RMax: 10,RPeak: 10,Total Cores: 10,GDPpC: 8,HDI: 8,Q1: 10,Q2: 10,Q3: 10,Q4: 10,Top10: 10
572,Country: China,Year: 2013,Num of Systems: 1,RMax: 1,RPeak: 1,Total Cores: 1,GDPpC: 10,HDI: 10,Q1: 1,Q2: 1,Q3: 1,Q4: 1,Top10: 1
573,Country: United States,Year: 2013,Num of Systems: 1,RMax: 1,RPeak: 1,Total Cores: 1,GDPpC: 2,HDI: 3,Q1: 1,Q2: 1,Q3: 1,Q4: 1,Top10: 1
574,Country: Japan,Year: 2013,Num of Systems: 1,RMax: 1,RPeak: 1,Total Cores: 1,GDPpC: 6,HDI: 6,Q1: 3,Q2: 2,Q3: 2,Q4: 2,Top10: 3
575,Country: Switzerland,Year: 2013,Num of Systems: 5,RMax: 3,RPeak: 3,Total Cores: 3,GDPpC: 1,HDI: 1,Q1: 5,Q2: 7,Q3: 7,Q4: 7,Top10: 5
576,Country: Germany,Year: 2013,Num of Systems: 2,RMax: 2,RPeak: 2,Total Cores: 2,GDPpC: 5,HDI: 2,Q1: 2,Q2: 2,Q3: 2,Q4: 2,Top10: 2
577,Country: France,Year: 2013,Num of Systems: 2,RMax: 2,RPeak: 2,Total Cores: 2,GDPpC: 6,HDI: 7,Q1: 2,Q2: 3,Q3: 3,Q4: 3,Top10: 2
578,Country: Italy,Year: 2013,Num of Systems: 5,RMax: 3,RPeak: 4,Total Cores: 3,GDPpC: 7,HDI: 8,Q1: 3,Q2: 3,Q3: 4,Q4: 4,Top10: 3
579,Country: United Kingdom,Year: 2013,Num of Systems: 2,RMax: 2,RPeak: 2,Total Cores: 2,GDPpC: 6,HDI: 4,Q1: 1,Q2: 1,Q3: 2,Q4: 3,Top10: 1
580,Country: Australia,Year: 2013,Num of Systems: 5,RMax: 4,RPeak: 4,Total Cores: 5,GDPpC: 1,HDI: 2,Q1: 3,Q2: 4,Q3: 5,Q4: 6,Top10: 3
581,Country: Spain,Year: 2013,Num of Systems: 9,RMax: 5,RPeak: 6,Total Cores: 6,GDPpC: 8,HDI: 8,Q1: 4,Q2: 5,Q3: 4,Q4: 3,Top10: 4
582,Country: Russian Federation,Year: 2013,Num of Systems: 4,RMax: 5,RPeak: 3,Total Cores: 4,GDPpC: 9,HDI: 9,Q1: 9,Q2: 8,Q3: 5,Q4: 2,Top10: 10
583,Country: India,Year: 2013,Num of Systems: 3,RMax: 3,RPeak: 3,Total Cores: 4,GDPpC: 10,HDI: 10,Q1: 5,Q2: 2,Q3: 1,Q4: 1,Top10: 5
584,Country: Saudi Arabia,Year: 2013,Num of Systems: 7,RMax: 6,RPeak: 5,Total Cores: 5,GDPpC: 9,HDI: 9,Q1: 10,Q2: 9,Q3: 8,Q4: 9,Top10: 10
585,Country: Sweden,Year: 2013,Num of Systems: 4,RMax: 6,RPeak: 6,Total Cores: 6,GDPpC: 2,HDI: 4,Q1: 6,Q2: 6,Q3: 8,Q4: 8,Top10: 6
586,Country: Norway,Year: 2013,Num of Systems: 6,RMax: 6,RPeak: 7,Total Cores: 7,GDPpC: 1,HDI: 1,Q1: 9,Q2: 9,Q3: 10,Q4: 9,Top10: 9
587,Country: Canada,Year: 2013,Num of Systems: 3,RMax: 4,RPeak: 5,Total Cores: 3,GDPpC: 3,HDI: 5,Q1: 2,Q2: 3,Q3: 5,Q4: 5,Top10: 2
588,Country: South Korea,Year: 2013,Num of Systems: 3,RMax: 5,RPeak: 5,Total Cores: 5,GDPpC: 8,HDI: 7,Q1: 5,Q2: 4,Q3: 3,Q4: 5,Top10: 5
589,Country: Poland,Year: 2013,Num of Systems: 9,RMax: 8,RPeak: 8,Total Cores: 8,GDPpC: 9,HDI: 9,Q1: 8,Q2: 6,Q3: 6,Q4: 5,Top10: 9
590,Country: Brazil,Year: 2013,Num of Systems: 6,RMax: 7,RPeak: 6,Total Cores: 6,GDPpC: 10,HDI: 10,Q1: 6,Q2: 5,Q3: 3,Q4: 4,Top10: 7
591,Country: Hong Kong,Year: 2013,Num of Systems: 8,RMax: 8,RPeak: 8,Total Cores: 8,GDPpC: 7,HDI: 3,Q1: 10,Q2: 10,Q3: 10,Q4: 10,Top10: 9
592,Country: Netherlands,Year: 2013,Num of Systems: 6,RMax: 7,RPeak: 8,Total Cores: 7,GDPpC: 4,HDI: 2,Q1: 4,Q2: 5,Q3: 6,Q4: 6,Top10: 4
593,Country: Finland,Year: 2013,Num of Systems: 8,RMax: 8,RPeak: 9,Total Cores: 9,GDPpC: 4,HDI: 4,Q1: 9,Q2: 10,Q3: 9,Q4: 9,Top10: 8
594,Country: Israel,Year: 2013,Num of Systems: 8,RMax: 9,RPeak: 7,Total Cores: 8,GDPpC: 7,HDI: 7,Q1: 8,Q2: 9,Q3: 9,Q4: 10,Top10: 8
595,Country: Taiwan,Year: 2013,Num of Systems: 10,RMax: 9,RPeak: 9,Total Cores: 9,,,Q1: 6,Q2: 6,Q3: 6,Q4: 6,Top10: 6
596,Country: Denmark,Year: 2013,Num of Systems: 10,RMax: 10,RPeak: 10,Total Cores: 10,GDPpC: 2,HDI: 1,Q1: 7,Q2: 8,Q3: 9,Q4: 8,Top10: 7
597,Country: Austria,Year: 2013,Num of Systems: 10,RMax: 10,RPeak: 10,Total Cores: 10,GDPpC: 4,HDI: 6,Q1: 8,Q2: 8,Q3: 8,Q4: 7,Top10: 8
598,Country: Belgium,Year: 2013,Num of Systems: 9,RMax: 10,RPeak: 10,Total Cores: 10,GDPpC: 5,HDI: 6,Q1: 7,Q2: 7,Q3: 7,Q4: 8,Top10: 6
599,Country: Ireland,Year: 2013,Num of Systems: 7,RMax: 9,RPeak: 9,Total Cores: 9,GDPpC: 3,HDI: 5,Q1: 10,Q2: 10,Q3: 10,Q4: 10,Top10: 10
600,Country: China,Year: 2014,Num of Systems: 1,RMax: 1,RPeak: 1,Total Cores: 1,GDPpC: 10,HDI: 10,Q1: 1,Q2: 1,Q3: 1,Q4: 1,Top10: 1
601,Country: United States,Year: 2014,Num of Systems: 1,RMax: 1,RPeak: 1,Total Cores: 1,GDPpC: 2,HDI: 4,Q1: 1,Q2: 1,Q3: 1,Q4: 1,Top10: 1
602,Country: Japan,Year: 2014,Num of Systems: 1,RMax: 1,RPeak: 1,Total Cores: 1,GDPpC: 6,HDI: 5,Q1: 3,Q2: 2,Q3: 2,Q4: 2,Top10: 3
603,Country: Switzerland,Year: 2014,Num of Systems: 4,RMax: 3,RPeak: 3,Total Cores: 3,GDPpC: 1,HDI: 1,Q1: 5,Q2: 7,Q3: 7,Q4: 7,Top10: 5
604,Country: Germany,Year: 2014,Num of Systems: 2,RMax: 2,RPeak: 2,Total Cores: 2,GDPpC: 4,HDI: 2,Q1: 2,Q2: 2,Q3: 2,Q4: 2,Top10: 2
605,Country: Italy,Year: 2014,Num of Systems: 7,RMax: 3,RPeak: 4,Total Cores: 3,GDPpC: 7,HDI: 8,Q1: 3,Q2: 3,Q3: 4,Q4: 4,Top10: 3
606,Country: France,Year: 2014,Num of Systems: 2,RMax: 2,RPeak: 2,Total Cores: 2,GDPpC: 5,HDI: 7,Q1: 2,Q2: 3,Q3: 3,Q4: 3,Top10: 2
607,Country: Russian Federation,Year: 2014,Num of Systems: 4,RMax: 3,RPeak: 3,Total Cores: 4,GDPpC: 9,HDI: 9,Q1: 8,Q2: 7,Q3: 4,Q4: 2,Top10: 9
608,Country: United Kingdom,Year: 2014,Num of Systems: 2,RMax: 2,RPeak: 2,Total Cores: 2,GDPpC: 5,HDI: 3,Q1: 1,Q2: 1,Q3: 2,Q4: 3,Top10: 1
609,Country: Sweden,Year: 2014,Num of Systems: 5,RMax: 5,RPeak: 5,Total Cores: 6,GDPpC: 2,HDI: 3,Q1: 6,Q2: 6,Q3: 8,Q4: 7,Top10: 6
610,Country: Finland,Year: 2014,Num of Systems: 7,RMax: 6,RPeak: 6,Total Cores: 7,GDPpC: 4,HDI: 5,Q1: 9,Q2: 10,Q3: 10,Q4: 10,Top10: 8
611,Country: Australia,Year: 2014,Num of Systems: 3,RMax: 4,RPeak: 3,Total Cores: 3,GDPpC: 2,HDI: 1,Q1: 3,Q2: 4,Q3: 5,Q4: 6,Top10: 3
612,Country: Netherlands,Year: 2014,Num of Systems: 5,RMax: 6,RPeak: 6,Total Cores: 6,GDPpC: 3,HDI: 2,Q1: 5,Q2: 5,Q3: 6,Q4: 6,Top10: 4
613,Country: Spain,Year: 2014,Num of Systems: 8,RMax: 7,RPeak: 7,Total Cores: 7,GDPpC: 7,HDI: 7,Q1: 4,Q2: 4,Q3: 4,Q4: 3,Top10: 4
614,Country: Saudi Arabia,Year: 2014,Num of Systems: 6,RMax: 5,RPeak: 5,Total Cores: 5,GDPpC: 8,HDI: 8,Q1: 10,Q2: 9,Q3: 8,Q4: 8,Top10: 10
615,Country: India,Year: 2014,Num of Systems: 3,RMax: 4,RPeak: 4,Total Cores: 4,GDPpC: 10,HDI: 10,Q1: 4,Q2: 2,Q3: 1,Q4: 1,Top10: 5
616,Country: Canada,Year: 2014,Num of Systems: 4,RMax: 6,RPeak: 6,Total Cores: 5,GDPpC: 3,HDI: 4,Q1: 2,Q2: 3,Q3: 5,Q4: 5,Top10: 2
617,Country: Austria,Year: 2014,Num of Systems: 10,RMax: 8,RPeak: 8,Total Cores: 8,GDPpC: 3,HDI: 6,Q1: 8,Q2: 8,Q3: 8,Q4: 8,Top10: 7
618,Country: Denmark,Year: 2014,Num of Systems: 8,RMax: 8,RPeak: 8,Total Cores: 9,GDPpC: 1,HDI: 2,Q1: 7,Q2: 8,Q3: 9,Q4: 9,Top10: 7
619,Country: Brazil,Year: 2014,Num of Systems: 6,RMax: 7,RPeak: 7,Total Cores: 6,GDPpC: 9,HDI: 10,Q1: 6,Q2: 5,Q3: 3,Q4: 4,Top10: 6
620,Country: Norway,Year: 2014,Num of Systems: 6,RMax: 7,RPeak: 7,Total Cores: 7,GDPpC: 1,HDI: 1,Q1: 9,Q2: 9,Q3: 9,Q4: 9,Top10: 9
621,Country: South Korea,Year: 2014,Num of Systems: 3,RMax: 4,RPeak: 4,Total Cores: 4,GDPpC: 8,HDI: 6,Q1: 4,Q2: 4,Q3: 3,Q4: 4,Top10: 4
622,Country: Poland,Year: 2014,Num of Systems: 8,RMax: 8,RPeak: 9,Total Cores: 8,GDPpC: 8,HDI: 8,Q1: 7,Q2: 6,Q3: 6,Q4: 5,Top10: 8
623,Country: Hong Kong,Year: 2014,Num of Systems: 10,RMax: 9,RPeak: 9,Total Cores: 9,GDPpC: 6,HDI: 3,Q1: 9,Q2: 10,Q3: 10,Q4: 10,Top10: 9
624,Country: Malaysia,Year: 2014,Num of Systems: 10,RMax: 9,RPeak: 9,Total Cores: 10,GDPpC: 10,HDI: 9,Q1: 10,Q2: 8,Q3: 7,Q4: 6,Top10: 10
625,Country: Belgium,Year: 2014,Num of Systems: 9,RMax: 10,RPeak: 10,Total Cores: 10,GDPpC: 5,HDI: 5,Q1: 7,Q2: 7,Q3: 7,Q4: 8,Top10: 7
626,Country: Hungary,Year: 2014,Num of Systems: 9,RMax: 10,RPeak: 10,Total Cores: 10,GDPpC: 9,HDI: 9,Q1: 10,Q2: 10,Q3: 10,Q4: 9,Top10: 10
627,Country: Israel,Year: 2014,Num of Systems: 7,RMax: 9,RPeak: 8,Total Cores: 8,GDPpC: 6,HDI: 6,Q1: 8,Q2: 9,Q3: 9,Q4: 10,Top10: 8
628,Country: Taiwan,Year: 2014,Num of Systems: 9,RMax: 10,RPeak: 10,Total Cores: 9,,,Q1: 6,Q2: 6,Q3: 6,Q4: 7,Top10: 6
629,Country: China,Year: 2015,Num of Systems: 1,RMax: 1,RPeak: 1,Total Cores: 1,GDPpC: 10,HDI: 10,Q1: 1,Q2: 1,Q3: 1,Q4: 1,Top10: 1
630,Country: United States,Year: 2015,Num of Systems: 1,RMax: 1,RPeak: 1,Total Cores: 1,GDPpC: 2,HDI: 4,Q1: 1,Q2: 1,Q3: 1,Q4: 1,Top10: 1
631,Country: Japan,Year: 2015,Num of Systems: 1,RMax: 1,RPeak: 1,Total Cores: 1,GDPpC: 6,HDI: 5,Q1: 3,Q2: 2,Q3: 2,Q4: 2,Top10: 3
632,Country: Switzerland,Year: 2015,Num of Systems: 5,RMax: 3,RPeak: 3,Total Cores: 4,GDPpC: 1,HDI: 1,Q1: 5,Q2: 6,Q3: 6,Q4: 6,Top10: 5
633,Country: Germany,Year: 2015,Num of Systems: 2,RMax: 2,RPeak: 2,Total Cores: 2,GDPpC: 5,HDI: 2,Q1: 2,Q2: 2,Q3: 2,Q4: 2,Top10: 2
634,Country: Saudi Arabia,Year: 2015,Num of Systems: 5,RMax: 3,RPeak: 3,Total Cores: 3,GDPpC: 7,HDI: 8,Q1: 8,Q2: 7,Q3: 7,Q4: 8,Top10: 8
635,Country: Italy,Year: 2015,Num of Systems: 6,RMax: 4,RPeak: 4,Total Cores: 3,GDPpC: 6,HDI: 7,Q1: 3,Q2: 3,Q3: 4,Q4: 4,Top10: 3
636,Country: South Korea,Year: 2015,Num of Systems: 3,RMax: 3,RPeak: 3,Total Cores: 3,GDPpC: 6,HDI: 6,Q1: 4,Q2: 4,Q3: 4,Q4: 4,Top10: 4
637,Country: France,Year: 2015,Num of Systems: 2,RMax: 2,RPeak: 2,Total Cores: 2,GDPpC: 5,HDI: 6,Q1: 2,Q2: 3,Q3: 3,Q4: 3,Top10: 2
638,Country: Russian Federation,Year: 2015,Num of Systems: 3,RMax: 4,RPeak: 4,Total Cores: 4,GDPpC: 9,HDI: 9,Q1: 7,Q2: 6,Q3: 3,Q4: 2,Top10: 8
639,Country: Poland,Year: 2015,Num of Systems: 4,RMax: 5,RPeak: 5,Total Cores: 5,GDPpC: 8,HDI: 7,Q1: 6,Q2: 5,Q3: 5,Q4: 5,Top10: 7
640,Country: United Kingdom,Year: 2015,Num of Systems: 2,RMax: 2,RPeak: 2,Total Cores: 2,GDPpC: 3,HDI: 4,Q1: 1,Q2: 1,Q3: 2,Q4: 3,Top10: 1
641,Country: Czech Republic,Year: 2015,Num of Systems: 10,RMax: 7,RPeak: 7,Total Cores: 6,GDPpC: 7,HDI: 7,Q1: 9,Q2: 8,Q3: 6,Q4: 6,Top10: 9
642,Country: Sweden,Year: 2015,Num of Systems: 6,RMax: 5,RPeak: 5,Total Cores: 6,GDPpC: 2,HDI: 2,Q1: 6,Q2: 6,Q3: 7,Q4: 7,Top10: 5
643,Country: Finland,Year: 2015,Num of Systems: 7,RMax: 6,RPeak: 6,Total Cores: 7,GDPpC: 4,HDI: 4,Q1: 7,Q2: 9,Q3: 8,Q4: 9,Top10: 7
644,Country: Australia,Year: 2015,Num of Systems: 5,RMax: 5,RPeak: 5,Total Cores: 5,GDPpC: 1,HDI: 1,Q1: 3,Q2: 4,Q3: 5,Q4: 5,Top10: 3
645,Country: Netherlands,Year: 2015,Num of Systems: 7,RMax: 7,RPeak: 7,Total Cores: 7,GDPpC: 3,HDI: 3,Q1: 5,Q2: 5,Q3: 6,Q4: 6,Top10: 4
646,Country: Spain,Year: 2015,Num of Systems: 7,RMax: 7,RPeak: 7,Total Cores: 7,GDPpC: 7,HDI: 6,Q1: 4,Q2: 4,Q3: 4,Q4: 3,Top10: 4
647,Country: India,Year: 2015,Num of Systems: 3,RMax: 4,RPeak: 4,Total Cores: 4,GDPpC: 10,HDI: 10,Q1: 4,Q2: 2,Q3: 1,Q4: 1,Top10: 5
648,Country: Canada,Year: 2015,Num of Systems: 4,RMax: 6,RPeak: 6,Total Cores: 5,GDPpC: 4,HDI: 3,Q1: 2,Q2: 3,Q3: 5,Q4: 5,Top10: 2
649,Country: Austria,Year: 2015,Num of Systems: 10,RMax: 8,RPeak: 8,Total Cores: 8,GDPpC: 3,HDI: 5,Q1: 7,Q2: 7,Q3: 8,Q4: 7,Top10: 6
650,Country: New Zealand,Year: 2015,Num of Systems: 10,RMax: 8,RPeak: 8,Total Cores: 9,GDPpC: 5,HDI: 5,Q1: 9,Q2: 9,Q3: 9,Q4: 10,Top10: 9
651,Country: Brazil,Year: 2015,Num of Systems: 4,RMax: 6,RPeak: 6,Total Cores: 6,GDPpC: 9,HDI: 10,Q1: 5,Q2: 5,Q3: 3,Q4: 4,Top10: 6
652,Country: Denmark,Year: 2015,Num of Systems: 6,RMax: 8,RPeak: 8,Total Cores: 8,GDPpC: 2,HDI: 3,Q1: 6,Q2: 7,Q3: 8,Q4: 8,Top10: 6
653,Country: Norway,Year: 2015,Num of Systems: 9,RMax: 9,RPeak: 9,Total Cores: 9,GDPpC: 1,HDI: 1,Q1: 8,Q2: 8,Q3: 9,Q4: 8,Top10: 8
654,Country: Mexico,Year: 2015,Num of Systems: 9,RMax: 9,RPeak: 10,Total Cores: 10,GDPpC: 9,HDI: 9,Q1: 9,Q2: 8,Q3: 7,Q4: 7,Top10: 9
655,Country: Bulgaria,Year: 2015,Num of Systems: 9,RMax: 9,RPeak: 9,Total Cores: 9,GDPpC: 10,HDI: 9,Q1: 10,Q2: 10,Q3: 10,Q4: 10,Top10: 10
656,Country: Hungary,Year: 2015,Num of Systems: 8,RMax: 10,RPeak: 10,Total Cores: 10,GDPpC: 8,HDI: 8,Q1: 10,Q2: 10,Q3: 9,Q4: 9,Top10: 10
657,Country: Hong Kong,Year: 2015,Num of Systems: 8,RMax: 10,RPeak: 9,Total Cores: 8,GDPpC: 4,HDI: 2,Q1: 8,Q2: 9,Q3: 10,Q4: 10,Top10: 7
658,Country: Croatia,Year: 2015,Num of Systems: 8,RMax: 10,RPeak: 10,Total Cores: 10,GDPpC: 8,HDI: 8,Q1: 10,Q2: 10,Q3: 10,Q4: 9,Top10: 10
659,Country: China,Year: 2016,Num of Systems: 1,RMax: 1,RPeak: 1,Total Cores: 1,GDPpC: 10,HDI: 10,Q1: 1,Q2: 1,Q3: 1,Q4: 1,Top10: 1
660,Country: United States,Year: 2016,Num of Systems: 1,RMax: 1,RPeak: 1,Total Cores: 1,GDPpC: 2,HDI: 4,Q1: 1,Q2: 1,Q3: 1,Q4: 1,Top10: 1
661,Country: Japan,Year: 2016,Num of Systems: 2,RMax: 1,RPeak: 1,Total Cores: 1,GDPpC: 6,HDI: 6,Q1: 3,Q2: 2,Q3: 2,Q4: 2,Top10: 3
662,Country: Switzerland,Year: 2016,Num of Systems: 5,RMax: 3,RPeak: 3,Total Cores: 3,GDPpC: 1,HDI: 1,Q1: 5,Q2: 7,Q3: 6,Q4: 7,Top10: 5
663,Country: United Kingdom,Year: 2016,Num of Systems: 2,RMax: 2,RPeak: 2,Total Cores: 2,GDPpC: 6,HDI: 4,Q1: 1,Q2: 1,Q3: 2,Q4: 3,Top10: 1
664,Country: Italy,Year: 2016,Num of Systems: 3,RMax: 3,RPeak: 3,Total Cores: 3,GDPpC: 7,HDI: 8,Q1: 3,Q2: 3,Q3: 3,Q4: 4,Top10: 3
665,Country: Germany,Year: 2016,Num of Systems: 1,RMax: 2,RPeak: 2,Total Cores: 2,GDPpC: 5,HDI: 2,Q1: 2,Q2: 2,Q3: 2,Q4: 2,Top10: 2
666,Country: Saudi Arabia,Year: 2016,Num of Systems: 4,RMax: 3,RPeak: 3,Total Cores: 3,GDPpC: 8,HDI: 9,Q1: 9,Q2: 8,Q3: 7,Q4: 8,Top10: 9
667,Country: France,Year: 2016,Num of Systems: 2,RMax: 2,RPeak: 2,Total Cores: 2,GDPpC: 7,HDI: 7,Q1: 2,Q2: 3,Q3: 4,Q4: 3,Top10: 2
668,Country: South Korea,Year: 2016,Num of Systems: 5,RMax: 4,RPeak: 4,Total Cores: 4,GDPpC: 7,HDI: 7,Q1: 4,Q2: 4,Q3: 4,Q4: 5,Top10: 4
669,Country: Russian Federation,Year: 2016,Num of Systems: 4,RMax: 4,RPeak: 4,Total Cores: 4,GDPpC: 9,HDI: 9,Q1: 8,Q2: 6,Q3: 3,Q4: 2,Top10: 9
670,Country: Poland,Year: 2016,Num of Systems: 3,RMax: 4,RPeak: 4,Total Cores: 4,GDPpC: 9,HDI: 8,Q1: 7,Q2: 6,Q3: 6,Q4: 4,Top10: 7
671,Country: Czech Republic,Year: 2016,Num of Systems: 10,RMax: 7,RPeak: 7,Total Cores: 6,GDPpC: 8,HDI: 8,Q1: 10,Q2: 8,Q3: 7,Q4: 6,Top10: 10
672,Country: Sweden,Year: 2016,Num of Systems: 4,RMax: 5,RPeak: 5,Total Cores: 6,GDPpC: 3,HDI: 2,Q1: 6,Q2: 6,Q3: 7,Q4: 8,Top10: 6
673,Country: Finland,Year: 2016,Num of Systems: 8,RMax: 6,RPeak: 6,Total Cores: 7,GDPpC: 4,HDI: 5,Q1: 9,Q2: 9,Q3: 9,Q4: 9,Top10: 8
674,Country: Australia,Year: 2016,Num of Systems: 7,RMax: 6,RPeak: 6,Total Cores: 5,GDPpC: 3,HDI: 1,Q1: 3,Q2: 4,Q3: 5,Q4: 6,Top10: 3
675,Country: Netherlands,Year: 2016,Num of Systems: 7,RMax: 6,RPeak: 6,Total Cores: 6,GDPpC: 3,HDI: 3,Q1: 5,Q2: 5,Q3: 6,Q4: 6,Top10: 4
676,Country: Singapore,Year: 2016,Num of Systems: 10,RMax: 8,RPeak: 8,Total Cores: 9,GDPpC: 2,HDI: 3,Q1: 8,Q2: 10,Q3: 10,Q4: 10,Top10: 7
677,Country: Spain,Year: 2016,Num of Systems: 10,RMax: 8,RPeak: 9,Total Cores: 8,GDPpC: 8,HDI: 7,Q1: 4,Q2: 4,Q3: 4,Q4: 4,Top10: 4
678,Country: India,Year: 2016,Num of Systems: 3,RMax: 5,RPeak: 5,Total Cores: 5,GDPpC: 10,HDI: 10,Q1: 4,Q2: 2,Q3: 1,Q4: 1,Top10: 5
679,Country: South Africa,Year: 2016,Num of Systems: 9,RMax: 9,RPeak: 9,Total Cores: 9,GDPpC: 10,HDI: 10,Q1: 9,Q2: 8,Q3: 8,Q4: 8,Top10: 9
680,Country: Canada,Year: 2016,Num of Systems: 9,RMax: 9,RPeak: 9,Total Cores: 7,GDPpC: 4,HDI: 4,Q1: 2,Q2: 3,Q3: 5,Q4: 5,Top10: 2
681,Country: Austria,Year: 2016,Num of Systems: 6,RMax: 7,RPeak: 7,Total Cores: 7,GDPpC: 4,HDI: 6,Q1: 7,Q2: 9,Q3: 8,Q4: 7,Top10: 8
682,Country: New Zealand,Year: 2016,Num of Systems: 6,RMax: 7,RPeak: 7,Total Cores: 8,GDPpC: 6,HDI: 6,Q1: 10,Q2: 10,Q3: 10,Q4: 10,Top10: 10
683,Country: Belgium,Year: 2016,Num of Systems: 9,RMax: 10,RPeak: 10,Total Cores: 10,GDPpC: 5,HDI: 5,Q1: 6,Q2: 7,Q3: 8,Q4: 7,Top10: 6
684,Country: Denmark,Year: 2016,Num of Systems: 7,RMax: 9,RPeak: 8,Total Cores: 9,GDPpC: 2,HDI: 3,Q1: 7,Q2: 7,Q3: 9,Q4: 9,Top10: 7
685,Country: Brazil,Year: 2016,Num of Systems: 6,RMax: 8,RPeak: 8,Total Cores: 8,GDPpC: 9,HDI: 9,Q1: 6,Q2: 5,Q3: 3,Q4: 3,Top10: 6
686,Country: Norway,Year: 2016,Num of Systems: 8,RMax: 10,RPeak: 10,Total Cores: 10,GDPpC: 1,HDI: 1,Q1: 8,Q2: 9,Q3: 9,Q4: 9,Top10: 8
687,Country: Ireland,Year: 2016,Num of Systems: 8,RMax: 10,RPeak: 10,Total Cores: 10,GDPpC: 1,HDI: 2,Q1: 10,Q2: 10,Q3: 10,Q4: 10,Top10: 10
688,Country: China,Year: 2017,Num of Systems: 1,RMax: 1,RPeak: 1,Total Cores: 1,GDPpC: 10,HDI: 10,Q1: 1,Q2: 1,Q3: 1,Q4: 1,Top10: 1
689,Country: Switzerland,Year: 2017,Num of Systems: 7,RMax: 3,RPeak: 3,Total Cores: 3,GDPpC: 1,HDI: 1,Q1: 5,Q2: 6,Q3: 6,Q4: 6,Top10: 5
690,Country: Japan,Year: 2017,Num of Systems: 1,RMax: 1,RPeak: 1,Total Cores: 1,GDPpC: 6,HDI: 6,Q1: 3,Q2: 2,Q3: 3,Q4: 2,Top10: 3
691,Country: United States,Year: 2017,Num of Systems: 1,RMax: 1,RPeak: 1,Total Cores: 1,GDPpC: 2,HDI: 4,Q1: 1,Q2: 1,Q3: 1,Q4: 1,Top10: 1
692,Country: Italy,Year: 2017,Num of Systems: 3,RMax: 3,RPeak: 3,Total Cores: 3,GDPpC: 7,HDI: 8,Q1: 3,Q2: 3,Q3: 3,Q4: 4,Top10: 3
693,Country: United Kingdom,Year: 2017,Num of Systems: 2,RMax: 2,RPeak: 2,Total Cores: 2,GDPpC: 6,HDI: 4,Q1: 1,Q2: 1,Q3: 2,Q4: 3,Top10: 1
694,Country: Spain,Year: 2017,Num of Systems: 10,RMax: 4,RPeak: 4,Total Cores: 6,GDPpC: 7,HDI: 7,Q1: 4,Q2: 5,Q3: 4,Q4: 3,Top10: 4
695,Country: Germany,Year: 2017,Num of Systems: 2,RMax: 2,RPeak: 2,Total Cores: 2,GDPpC: 5,HDI: 2,Q1: 2,Q2: 2,Q3: 2,Q4: 2,Top10: 2
696,Country: Saudi Arabia,Year: 2017,Num of Systems: 6,RMax: 3,RPeak: 3,Total Cores: 3,GDPpC: 8,HDI: 9,Q1: 9,Q2: 8,Q3: 8,Q4: 9,Top10: 9
697,Country: France,Year: 2017,Num of Systems: 2,RMax: 2,RPeak: 2,Total Cores: 2,GDPpC: 6,HDI: 7,Q1: 2,Q2: 3,Q3: 3,Q4: 3,Top10: 2
698,Country: South Korea,Year: 2017,Num of Systems: 5,RMax: 4,RPeak: 4,Total Cores: 4,GDPpC: 7,HDI: 6,Q1: 5,Q2: 4,Q3: 5,Q4: 5,Top10: 4
699,Country: Russian Federation,Year: 2017,Num of Systems: 6,RMax: 6,RPeak: 6,Total Cores: 6,GDPpC: 9,HDI: 9,Q1: 7,Q2: 5,Q3: 2,Q4: 1,Top10: 8
700,Country: Sweden,Year: 2017,Num of Systems: 4,RMax: 5,RPeak: 6,Total Cores: 6,GDPpC: 3,HDI: 2,Q1: 6,Q2: 6,Q3: 8,Q4: 8,Top10: 6
701,Country: Australia,Year: 2017,Num of Systems: 6,RMax: 6,RPeak: 5,Total Cores: 5,GDPpC: 2,HDI: 1,Q1: 3,Q2: 4,Q3: 5,Q4: 5,Top10: 3
702,Country: Poland,Year: 2017,Num of Systems: 4,RMax: 5,RPeak: 5,Total Cores: 5,GDPpC: 9,HDI: 8,Q1: 6,Q2: 6,Q3: 5,Q4: 4,Top10: 7
703,Country: Czech Republic,Year: 2017,Num of Systems: 10,RMax: 8,RPeak: 8,Total Cores: 8,GDPpC: 8,HDI: 7,Q1: 10,Q2: 9,Q3: 7,Q4: 6,Top10: 10
704,Country: Canada,Year: 2017,Num of Systems: 3,RMax: 5,RPeak: 5,Total Cores: 4,GDPpC: 4,HDI: 4,Q1: 2,Q2: 3,Q3: 4,Q4: 5,Top10: 2
705,Country: Taiwan,Year: 2017,Num of Systems: 10,RMax: 8,RPeak: 8,Total Cores: 10,,,Q1: 6,Q2: 7,Q3: 7,Q4: 7,Top10: 6
706,Country: Finland,Year: 2017,Num of Systems: 8,RMax: 8,RPeak: 8,Total Cores: 8,GDPpC: 4,HDI: 5,Q1: 8,Q2: 9,Q3: 9,Q4: 9,Top10: 8
707,Country: Netherlands,Year: 2017,Num of Systems: 3,RMax: 6,RPeak: 6,Total Cores: 5,GDPpC: 3,HDI: 3,Q1: 5,Q2: 5,Q3: 6,Q4: 7,Top10: 5
708,Country: South Africa,Year: 2017,Num of Systems: 9,RMax: 9,RPeak: 9,Total Cores: 9,GDPpC: 10,HDI: 10,Q1: 9,Q2: 7,Q3: 8,Q4: 8,Top10: 9
709,Country: Singapore,Year: 2017,Num of Systems: 9,RMax: 9,RPeak: 9,Total Cores: 9,GDPpC: 2,HDI: 3,Q1: 8,Q2: 10,Q3: 10,Q4: 10,Top10: 6
710,Country: Norway,Year: 2017,Num of Systems: 9,RMax: 10,RPeak: 10,Total Cores: 9,GDPpC: 1,HDI: 1,Q1: 8,Q2: 9,Q3: 9,Q4: 9,Top10: 8
711,Country: India,Year: 2017,Num of Systems: 5,RMax: 7,RPeak: 7,Total Cores: 7,GDPpC: 10,HDI: 10,Q1: 4,Q2: 2,Q3: 1,Q4: 2,Top10: 5
712,Country: Ireland,Year: 2017,Num of Systems: 5,RMax: 7,RPeak: 7,Total Cores: 7,GDPpC: 1,HDI: 2,Q1: 10,Q2: 10,Q3: 10,Q4: 10,Top10: 10
713,Country: Austria,Year: 2017,Num of Systems: 7,RMax: 9,RPeak: 9,Total Cores: 8,GDPpC: 4,HDI: 6,Q1: 7,Q2: 8,Q3: 9,Q4: 8,Top10: 7
714,Country: Mexico,Year: 2017,Num of Systems: 8,RMax: 10,RPeak: 10,Total Cores: 10,GDPpC: 9,HDI: 9,Q1: 9,Q2: 8,Q3: 6,Q4: 6,Top10: 10
715,Country: New Zealand,Year: 2017,Num of Systems: 8,RMax: 10,RPeak: 10,Total Cores: 10,GDPpC: 5,HDI: 5,Q1: 10,Q2: 10,Q3: 10,Q4: 10,Top10: 9
716,Country: United States,Year: 2018,Num of Systems: 1,RMax: 1,RPeak: 1,Total Cores: 1,GDPpC: 2,HDI: 4,Q1: 1,Q2: 1,Q3: 1,Q4: 1,Top10: 1
717,Country: China,Year: 2018,Num of Systems: 1,RMax: 1,RPeak: 1,Total Cores: 1,GDPpC: 10,HDI: 10,Q1: 1,Q2: 1,Q3: 1,Q4: 1,Top10: 1
718,Country: Switzerland,Year: 2018,Num of Systems: 9,RMax: 3,RPeak: 4,Total Cores: 4,GDPpC: 1,HDI: 1,Q1: 6,Q2: 7,Q3: 7,Q4: 7,Top10: 6
719,Country: Japan,Year: 2018,Num of Systems: 1,RMax: 1,RPeak: 1,Total Cores: 1,GDPpC: 6,HDI: 6,Q1: 4,Q2: 2,Q3: 2,Q4: 2,Top10: 4
720,Country: Germany,Year: 2018,Num of Systems: 2,RMax: 2,RPeak: 2,Total Cores: 2,GDPpC: 5,HDI: 2,Q1: 2,Q2: 2,Q3: 2,Q4: 2,Top10: 2
721,Country: South Korea,Year: 2018,Num of Systems: 4,RMax: 4,RPeak: 3,Total Cores: 3,GDPpC: 7,HDI: 6,Q1: 5,Q2: 4,Q3: 5,Q4: 5,Top10: 4
722,Country: Italy,Year: 2018,Num of Systems: 4,RMax: 3,RPeak: 3,Total Cores: 3,GDPpC: 7,HDI: 8,Q1: 3,Q2: 3,Q3: 3,Q4: 4,Top10: 3
723,Country: France,Year: 2018,Num of Systems: 2,RMax: 2,RPeak: 2,Total Cores: 2,GDPpC: 6,HDI: 7,Q1: 3,Q2: 4,Q3: 4,Q4: 3,Top10: 2
724,Country: Taiwan,Year: 2018,Num of Systems: 8,RMax: 5,RPeak: 5,Total Cores: 6,,,Q1: 7,Q2: 7,Q3: 7,Q4: 7,Top10: 7
725,Country: United Kingdom,Year: 2018,Num of Systems: 2,RMax: 2,RPeak: 2,Total Cores: 2,GDPpC: 5,HDI: 5,Q1: 1,Q2: 1,Q3: 2,Q4: 3,Top10: 1
726,Country: Spain,Year: 2018,Num of Systems: 8,RMax: 6,RPeak: 6,Total Cores: 7,GDPpC: 7,HDI: 7,Q1: 4,Q2: 5,Q3: 4,Q4: 4,Top10: 4
727,Country: Saudi Arabia,Year: 2018,Num of Systems: 7,RMax: 5,RPeak: 5,Total Cores: 5,GDPpC: 8,HDI: 9,Q1: 9,Q2: 8,Q3: 8,Q4: 9,Top10: 9
728,Country: India,Year: 2018,Num of Systems: 6,RMax: 6,RPeak: 7,Total Cores: 6,GDPpC: 10,HDI: 10,Q1: 4,Q2: 2,Q3: 1,Q4: 1,Top10: 5
729,Country: Canada,Year: 2018,Num of Systems: 3,RMax: 4,RPeak: 4,Total Cores: 4,GDPpC: 4,HDI: 4,Q1: 2,Q2: 3,Q3: 5,Q4: 6,Top10: 3
730,Country: Russian Federation,Year: 2018,Num of Systems: 7,RMax: 8,RPeak: 7,Total Cores: 7,GDPpC: 9,HDI: 9,Q1: 7,Q2: 6,Q3: 3,Q4: 2,Top10: 8
731,Country: Sweden,Year: 2018,Num of Systems: 6,RMax: 7,RPeak: 7,Total Cores: 8,GDPpC: 3,HDI: 3,Q1: 6,Q2: 7,Q3: 8,Q4: 8,Top10: 6
732,Country: Australia,Year: 2018,Num of Systems: 5,RMax: 7,RPeak: 6,Total Cores: 6,GDPpC: 3,HDI: 1,Q1: 2,Q2: 4,Q3: 6,Q4: 6,Top10: 2
733,Country: Poland,Year: 2018,Num of Systems: 5,RMax: 7,RPeak: 8,Total Cores: 7,GDPpC: 9,HDI: 8,Q1: 7,Q2: 6,Q3: 6,Q4: 5,Top10: 7
734,Country: Netherlands,Year: 2018,Num of Systems: 4,RMax: 6,RPeak: 6,Total Cores: 5,GDPpC: 3,HDI: 3,Q1: 5,Q2: 6,Q3: 6,Q4: 7,Top10: 5
735,Country: Ireland,Year: 2018,Num of Systems: 3,RMax: 4,RPeak: 4,Total Cores: 4,GDPpC: 1,HDI: 2,Q1: 10,Q2: 10,Q3: 10,Q4: 10,Top10: 10
736,Country: Singapore,Year: 2018,Num of Systems: 6,RMax: 8,RPeak: 8,Total Cores: 8,GDPpC: 2,HDI: 3,Q1: 8,Q2: 10,Q3: 10,Q4: 10,Top10: 7
737,Country: Czech Republic,Year: 2018,Num of Systems: 10,RMax: 9,RPeak: 9,Total Cores: 9,GDPpC: 8,HDI: 7,Q1: 10,Q2: 9,Q3: 9,Q4: 6,Top10: 10
738,Country: Finland,Year: 2018,Num of Systems: 10,RMax: 9,RPeak: 9,Total Cores: 9,GDPpC: 4,HDI: 5,Q1: 9,Q2: 9,Q3: 9,Q4: 9,Top10: 9
739,Country: Brazil,Year: 2018,Num of Systems: 10,RMax: 10,RPeak: 10,Total Cores: 10,GDPpC: 9,HDI: 9,Q1: 6,Q2: 5,Q3: 4,Q4: 4,Top10: 6
740,Country: South Africa,Year: 2018,Num of Systems: 7,RMax: 9,RPeak: 9,Total Cores: 9,GDPpC: 10,HDI: 10,Q1: 9,Q2: 8,Q3: 7,Q4: 8,Top10: 9
741,Country: Norway,Year: 2018,Num of Systems: 9,RMax: 10,RPeak: 10,Total Cores: 10,GDPpC: 1,HDI: 1,Q1: 8,Q2: 9,Q3: 9,Q4: 9,Top10: 8
742,Country: New Zealand,Year: 2018,Num of Systems: 9,RMax: 10,RPeak: 10,Total Cores: 10,GDPpC: 5,HDI: 5,Q1: 10,Q2: 10,Q3: 10,Q4: 10,Top10: 10
